texto,categoria
los vecinos del sector sur estamos organizando rondas propias porque los robos no paran y la municipalidad no ha respondido. Gracias de antemano.,Seguridad Ciudadana
"hay un galpon en Poblacion Nueva Amanecer que funciona como bodega sin permiso de funcionamiento, ademas genera mucho ruido de camiones en la noche. Porfavor tomen cartas en el asunto",Permisos y Patentes Comerciales
quiero reclamar xq los contenedores de basura de mi calle estan siempre rebalsados y los perros vagos rompen las bolsas y dejan la tierra tirada. Quedo atento a una respuesta,Aseo y Ornato
"el sitio eriazo de calle Padre Hurtado se ha convertido en un foco de delincuencia, de noche se juntan a robar y a consumir. Porfavor tomen cartas en el asunto",Seguridad Ciudadana
la vereda del centro esta toda levantada por las raices de un arbol y varias personas se han caido ahi. Saludos!!,Vialidad y Pavimentación
"reclamo xq el furgon de seguridad municipal ya no pasa por el sector poniente como antes, y justo ahora es cuando mas robos hay. Espero una pronta solucion.",Seguridad Ciudadana
"los postes de luz de la cuadra de la plaza se apagan como a las 11 de la noche y quedamos completamente a oscuras hasta el otro dia. Espero puedan solucionarlo pronto, gracias.",Alumbrado Público
"el pavimento de calle Los Copihues esta totalmente destrozado, cada vez q llueve se llena de agua y no se puede pasar. Muchas gracias por su tiempo.",Vialidad y Pavimentación
hicieron una rayado (graffiti) horrible en el muro de la sede social de Poblacion 18 de Septiembre y ya lleva bastante tiempo sin que lo limpien. Ya no sabemos a quien mas recurrir,Aseo y Ornato
quiero saber pq el local de calle Los Alamos sigue abierto si los vecinos ya denunciamos que no tiene patente comercial vigente. Porfavor tomen cartas en el asunto,Permisos y Patentes Comerciales
"el alumbrado publico de la cancha de Villa El Trebol no sirve, los ninos que juegan de noche no ven nada y se pueden accidentar. Gracias de antemano.",Alumbrado Público
"Buenas tardes, el poste de calle Los Naranjos quedo colgando despues de un choque hace 20 dias y nadie lo ha venido a reparar, es peligroso. Porfavor tomen cartas en el asunto",Alumbrado Público
"en Poblacion El Progreso las calles de tierra se llenan de barro cuando llueve, ya no se puede ni caminar, necesitamos pavimentacion urgente. Espero una pronta solucion.",Vialidad y Pavimentación
"asaltaron a un vecino a mano armada en la esquina de Bernardo O'Higgins hace varios meses, necesitamos mas presencia policial urgente. Gracias de antemano.",Seguridad Ciudadana
hicieron una rayado (graffiti) horrible en el muro de la sede social de Villa Los Pinos y ya lleva mas de 20 dias sin que lo limpien. Muchas gracias por su tiempo.,Aseo y Ornato
"Hola municipio, pedimos mas rondas de carabineros para Villa El Retiro porque hace un par de semanas hubo dos asaltos en la misma cuadra. Quedo atento a una respuesta.",Seguridad Ciudadana
"el sitio eriazo de calle Los Almendros se ha convertido en un foco de delincuencia, de noche se juntan a robar y a consumir. Ya no sabemos a quien mas recurrir!!",Seguridad Ciudadana
"buenas tardes, hay un poste de luz que quedo torcido en medio de la vereda de San Martin despues q un auto lo choco, es un peligro para los peatones. Espero puedan solucionarlo pronto, gracias.",Vialidad y Pavimentación
"hace varias semanas que las areas verdes de Poblacion Los Heroes no se les pasa la maquina, el pasto esta altisimo y se esconden roedores. Muchas gracias por su tiempo",Áreas Verdes
los vecinos del sector poniente llevamos 20 dias pidiendo que manden a limpiar el canal que esta lleno de basura y da mal olor. Espero una pronta solucion.,Aseo y Ornato
"en la Villa El Mirador la plaza esta abandonada, el pasto crecido, los arbustos sin podar y da la sensacion de que a nadie le importa.",Áreas Verdes
"llevamos un mes esperando que repongan el pavimento de calle Los Castanos, quedo puro hoyo despues de las obras del alcantarillado. Porfavor tomen cartas en el asunto",Vialidad y Pavimentación
"estimados, el restaurant del sector oriente boto sus desechos a la calle de nuevo, ademas dudo que tenga los permisos sanitarios al dia. Saludos",Permisos y Patentes Comerciales
"los tachos de basura de la plaza de Poblacion Nueva Amanecer estan quebrados y el pasto lleno de vidrios, es peligroso para los ninos que andan descalzos. Ojala le puedan poner atencion a esto!!",Áreas Verdes
"en la plaza de Villa Las Nieves hay ratones porque la gente deja bolsas de basura en la reja del parque, esto es un peligro para los ninos. Ojala le puedan poner atencion a esto",Aseo y Ornato
quiero reclamar xq no hay camaras de seguridad frente al almacen de la esquina y ahi es donde mas robos se producen segun los vecinos. Quedo atento a una respuesta.,Seguridad Ciudadana
"los tachos de basura de la plaza de Villa El Retiro estan quebrados y el pasto lleno de vidrios, es peligroso para los ninos que andan descalzos. Gracias de antemano.",Áreas Verdes
"Buenos dias, pedimos hace 10 dias que planten mas arboles en calle Freire porque en verano hace un calor insoportable sin sombra. Quedo atento a una respuesta",Áreas Verdes
"hay pandillas de jovenes que se juntan a hacer destrozos en la plaza del sector oriente, rompen bancas y asustan a los vecinos. Saludos.",Seguridad Ciudadana
"el alumbrado publico de la cancha de Villa Esperanza no sirve, los ninos que juegan de noche no ven nada y se pueden accidentar. Espero una pronta solucion",Alumbrado Público
"el pavimento de calle O'Higgins esta totalmente destrozado, cada vez q llueve se llena de agua y no se puede pasar. Gracias de antemano.",Vialidad y Pavimentación
"en la Villa Las Nieves varios postes no tienen ampolleta hace varias semanas, de noche es imposible ver por donde uno camina. Muchas gracias por su tiempo",Alumbrado Público
"Buen dia, el pasto de la plaza de Poblacion El Bosque no lo cortan hace 20 dias, ya esta enorme y se esconden ahi los perros vagos. Ojala le puedan poner atencion a esto",Áreas Verdes
"Buenos dias, quiero denunciar que cerca del paradero la gente bota escombros de construccion ilegalmente y ya se hizo un basural enorme. Saludos.",Aseo y Ornato
"Hola municipio, hay un colchon y varios muebles viejos botados hace casi 2 semanas frente a la iglesia, porfavor manden a retirarlos. Espero puedan solucionarlo pronto, gracias.",Aseo y Ornato
"quiero reclamar xq cortaron mal los arboles de la plaza del centro y quedaron puros palos pelados, se ve horrible. Quedo atento a una respuesta",Áreas Verdes
"quiero denunciar un taller mecanico en calle Santa Rosa que funciona en la via publica sin patente comercial, dejan aceite tirado en la calle. Espero una pronta solucion!!",Permisos y Patentes Comerciales
"hay comercio ambulante instalado hace 3 dias frente al almacen de la esquina sin ningun permiso, ocupan toda la vereda y no dejan pasar a la gente. Espero una pronta solucion.",Permisos y Patentes Comerciales
"Sr. alcalde, el poste de calle Los Aromos quedo colgando despues de un choque hace varios meses y nadie lo ha venido a reparar, es peligroso. Gracias de antemano.",Alumbrado Público
"los juegos infantiles de la plaza Poblacion Vista Hermosa estan todos oxidados y rotos, mi hija se corto con un fierro el otro dia.",Áreas Verdes
"quiero denunciar que en calle O'Higgins hay una casa que parece un punto de venta de drogas, entra y sale gente a toda hora. Gracias de antemano.",Seguridad Ciudadana
"quiero denunciar que en calle Errazuriz hay una casa que parece un punto de venta de drogas, entra y sale gente a toda hora. Espero una pronta solucion",Seguridad Ciudadana
"el sitio eriazo de calle Las Acacias se ha convertido en un foco de delincuencia, de noche se juntan a robar y a consumir. Espero puedan solucionarlo pronto, gracias.",Seguridad Ciudadana
"buenos dias, quiero denunciar que en la esquina la gente bota escombros de construccion ilegalmente y ya se hizo un basural enorme. Porfavor tomen cartas en el asunto.",Aseo y Ornato
"el pavimento de calle El Roble esta totalmente destrozado, cada vez q llueve se llena de agua y no se puede pasar. Espero una pronta solucion.",Vialidad y Pavimentación
"el juego de resbalin de la plaza del sector norte esta oxidado y con el fierro filoso, ya casi corta a un nino. Saludos",Áreas Verdes
"Hola municipio, hace casi 2 semanas que no funciona ningun poste de luz en calle Independencia frente al almacen de la esquina, de noche queda todo oscuro y da miedo caminar.",Alumbrado Público
"quiero reclamar xq hay un almacen cerca de la cancha que vende alcohol a menores y no se si tiene la patente correspondiente. Espero puedan solucionarlo pronto, gracias.",Permisos y Patentes Comerciales
"el sitio eriazo de calle Las Encinas se ha convertido en un foco de delincuencia, de noche se juntan a robar y a consumir. Gracias de antemano.",Seguridad Ciudadana
"en la esquina de Los Castanos instalaron un carrito de comida sin ningun permiso, ademas deja toda la vereda sucia. Porfavor tomen cartas en el asunto!!",Permisos y Patentes Comerciales
"sr. alcalde, el pavimento de la Villa Los Pinos tiene grietas enormes por todos lados, cuando llueve se hacen unas pozas gigantes. Espero una pronta solucion",Vialidad y Pavimentación
"hace un mes que un grupo de encapuchados anda rondando por calle Los Naranjos, varios vecinos ya llamaron a carabineros pero no llegan a tiempo. Espero puedan solucionarlo pronto, gracias!!",Seguridad Ciudadana
"Buenas tardes, hay un poste de luz que quedo torcido en medio de la vereda de Las Rosas despues q un auto lo choco, es un peligro para los peatones. Muchas gracias por su tiempo.",Vialidad y Pavimentación
quiero reclamar xq la luminaria de la plaza del pasaje de atras parpadea toda la noche y no deja dormir a los vecinos de al lado. Porfavor tomen cartas en el asunto!!,Alumbrado Público
"buenos dias, llevamos 20 dias pidiendo mas seguridad para Poblacion Los Heroes, los delincuentes ya perdieron el miedo y roban de dia. Espero puedan solucionarlo pronto, gracias.",Seguridad Ciudadana
"el foco de la esquina de mi casa en Los Copihues esta quemado hace bastante tiempo, ya avise antes y nadie ha venido a cambiarlo. Ya no sabemos a quien mas recurrir",Alumbrado Público
los camiones recolectores estan pasando en la madrugada y hacen un escandalo terrible ademas dejan tarros de basura botados en la calle San Martin. Ojala le puedan poner atencion a esto.,Aseo y Ornato
"los hoyos de calle Las Torres estan cada vez mas grandes, se ve el fierro de las cañerias, es un peligro para las motos.",Vialidad y Pavimentación
"quiero denunciar que en calle Manuel Rodriguez hay una casa que parece un punto de venta de drogas, entra y sale gente a toda hora. Espero una pronta solucion.",Seguridad Ciudadana
"Buen dia, hay un colchon y varios muebles viejos botados hace bastante tiempo en la esquina, porfavor manden a retirarlos. Ya no sabemos a quien mas recurrir.",Aseo y Ornato
los camiones recolectores estan pasando en la madrugada y hacen un escandalo terrible ademas dejan tarros de basura botados en la calle Freire. Ya no sabemos a quien mas recurrir.,Aseo y Ornato
"llevamos 10 dias sin luz en todo el pasaje de calle Los Naranjos, ya reclamamos por telefono y no ha pasado nada. Espero una pronta solucion",Alumbrado Público
"la plaza del sector oriente quedo destruida despues de una fiesta del fin de semana, rompieron bancas y plantas, hay q reponer todo. Ya no sabemos a quien mas recurrir.",Áreas Verdes
"Hola, el sistema de riego de la plaza de calle Independencia lleva mas de 20 dias malo y las plantas se estan secando todas. Espero puedan solucionarlo pronto, gracias!!",Áreas Verdes
"asaltaron a un vecino a mano armada en la esquina de Los Alerces hace casi 2 semanas, necesitamos mas presencia policial urgente. Porfavor tomen cartas en el asunto",Seguridad Ciudadana
"Buenas tardes, en la Poblacion San Rafael hay un microbasural enorme que se esta formando en el sitio eriazo, la gente sigue tirando basura y nadie hace nada. Quedo atento a una respuesta.",Aseo y Ornato
"se cayo una rama enorme de un arbol en la plaza del centro y quedo bloqueando la entrada, es peligroso para los ninos que juegan ahi!!",Áreas Verdes
"Sr. alcalde, el pavimento de la Villa Sol Naciente tiene grietas enormes por todos lados, cuando llueve se hacen unas pozas gigantes. Ya no sabemos a quien mas recurrir.",Vialidad y Pavimentación
"hay comercio ambulante instalado hace mas de un mes en la esquina sin ningun permiso, ocupan toda la vereda y no dejan pasar a la gente. Saludos.",Permisos y Patentes Comerciales
"quiero denunciar un taller mecanico en calle Errazuriz que funciona en la via publica sin patente comercial, dejan aceite tirado en la calle. Ojala le puedan poner atencion a esto.",Permisos y Patentes Comerciales
necesitamos que poden los arboles de calle Las Encinas porque las ramas ya estan tocando los cables de luz. Gracias de antemano.,Áreas Verdes
"los tachos de basura de la plaza de Villa Los Pinos estan quebrados y el pasto lleno de vidrios, es peligroso para los ninos que andan descalzos. Muchas gracias por su tiempo!!",Áreas Verdes
"hace una semana que un grupo de encapuchados anda rondando por calle Las Camelias, varios vecinos ya llamaron a carabineros pero no llegan a tiempo. Porfavor tomen cartas en el asunto",Seguridad Ciudadana
los postes de luz de la villa de al lado se apagan como a las 11 de la noche y quedamos completamente a oscuras hasta el otro dia. Muchas gracias por su tiempo.,Alumbrado Público
"quiero denunciar que en calle El Roble hay una casa que parece un punto de venta de drogas, entra y sale gente a toda hora. Espero puedan solucionarlo pronto, gracias",Seguridad Ciudadana
"hola municipio, el local que abrieron en calle Santa Rosa pone musica hasta muy tarde y creo q no tiene patente para funcionar asi. Muchas gracias por su tiempo",Permisos y Patentes Comerciales
"sr. alcalde, necesitamos urgente mas iluminacion por el sector poniente porque en la noche no se ve nada y da temor para las senoras que llegan solas. Ojala le puedan poner atencion a esto.",Alumbrado Público
"Buen dia, necesitamos urgente mas iluminacion frente a la iglesia porque en la noche no se ve nada y da temor para las senoras que llegan solas. Porfavor tomen cartas en el asunto!!",Alumbrado Público
"hace varios meses que un grupo de encapuchados anda rondando por calle Simon Bolivar, varios vecinos ya llamaron a carabineros pero no llegan a tiempo. Porfavor tomen cartas en el asunto.",Seguridad Ciudadana
hace bastante tiempo que pedimos un lomo de toro en calle San Martin porq los autos pasan a exceso de velocidad y casi atropellan a un nino. Gracias de antemano.,Vialidad y Pavimentación
"llevamos una semana sin luz en todo el pasaje de calle Los Aromos, ya reclamamos por telefono y no ha pasado nada. Gracias de antemano!!",Alumbrado Público
"hace una semana que un vecino instalo una feria improvisada todos los fines de semana en Poblacion Vista Hermosa sin autorizacion municipal. Espero puedan solucionarlo pronto, gracias!!",Permisos y Patentes Comerciales
"el juego de resbalin de la plaza del centro esta oxidado y con el fierro filoso, ya casi corta a un nino. Gracias de antemano.",Áreas Verdes
hace varios meses que reclamamos por el negocio de comida de Villa Los Pinos que funciona sin resolucion sanitaria y bota olores fuertes. Ya no sabemos a quien mas recurrir.,Permisos y Patentes Comerciales
"hace casi 2 semanas que un grupo de encapuchados anda rondando por calle Las Rosas, varios vecinos ya llamaron a carabineros pero no llegan a tiempo. Ya no sabemos a quien mas recurrir.",Seguridad Ciudadana
"hay un arbol en la plaza del sector norte que esta a punto de caerse, las raices ya levantaron toda la vereda de alrededor. Ya no sabemos a quien mas recurrir.",Áreas Verdes
"Estimados, hay un poste de luz que quedo torcido en medio de la vereda de Yungay despues q un auto lo choco, es un peligro para los peatones. Porfavor tomen cartas en el asunto.",Vialidad y Pavimentación
"estimados, el kiosco del centro crecio y ahora ocupa media vereda con mesas, sin permiso municipal para eso segun tengo entendido. Porfavor tomen cartas en el asunto",Permisos y Patentes Comerciales
"asaltaron a un vecino a mano armada en la esquina de Las Dalias hace un mes, necesitamos mas presencia policial urgente. Espero puedan solucionarlo pronto, gracias.",Seguridad Ciudadana
los vecinos de la esquina llevamos una semana pidiendo que manden a limpiar el canal que esta lleno de basura y da mal olor. Muchas gracias por su tiempo,Aseo y Ornato
"los hoyos de calle Las Acacias estan cada vez mas grandes, se ve el fierro de las canerias, es un peligro para las motos. Ya no sabemos a quien mas recurrir.",Vialidad y Pavimentación
"llevamos una semana esperando que repongan el pavimento de calle Vicuna Mackenna, quedo puro hoyo despues de las obras del alcantarillado. Porfavor tomen cartas en el asunto",Vialidad y Pavimentación
"quiero reclamar xq las luces de la plaza de Villa Los Pinos nunca las prenden aunque este oscuro, parece que el sensor esta malo.",Alumbrado Público
"hay un arbol en la plaza del barrio alto que esta a punto de caerse, las raices ya levantaron toda la vereda de alrededor. Ojala le puedan poner atencion a esto.",Áreas Verdes
"Buenos dias, el local que abrieron en calle Los Naranjos pone musica hasta muy tarde y creo q no tiene patente para funcionar asi. Muchas gracias por su tiempo!!",Permisos y Patentes Comerciales
los camiones recolectores estan pasando en la madrugada y hacen un escandalo terrible ademas dejan tarros de basura botados en la calle Las Rosas.,Aseo y Ornato
"hay un olor a podrido terrible en la esquina, creo que es por la basura que se acumula en el sitio baldio de al lado. Ojala le puedan poner atencion a esto",Aseo y Ornato
"Estimados, reclamo pq las luminarias nuevas que pusieron en calle Simon Bolivar quedaron mal instaladas y se apagan solas cada rato. Gracias de antemano",Alumbrado Público
"quiero reclamar por el aseo de calle Errazuriz, esta lleno de colillas, papeles y basura, y el barrendero no pasa hace tiempo. Saludos",Aseo y Ornato
"en la plaza de Villa Portales hay ratones porque la gente deja bolsas de basura en la reja del parque, esto es un peligro para los ninos. Espero una pronta solucion",Aseo y Ornato
"hay un galpon en Villa Los Pinos que funciona como bodega sin permiso de funcionamiento, ademas genera mucho ruido de camiones en la noche. Espero puedan solucionarlo pronto, gracias",Permisos y Patentes Comerciales
"en la Villa El Retiro varios postes no tienen ampolleta hace una semana, de noche es imposible ver por donde uno camina. Espero puedan solucionarlo pronto, gracias",Alumbrado Público
hace 10 dias que reclamamos por el negocio de comida de Poblacion El Progreso que funciona sin resolucion sanitaria y bota olores fuertes. Espero una pronta solucion,Permisos y Patentes Comerciales
"hay un cable colgando de un poste cerca de la cancha que parece que es de la luz de la calle, da miedo que le pase algo a alguien. Saludos.",Alumbrado Público
"hace varios meses que un grupo de encapuchados anda rondando por calle Balmaceda, varios vecinos ya llamaron a carabineros pero no llegan a tiempo. Gracias de antemano!!",Seguridad Ciudadana
"hay un arbol en la plaza de la esquina que esta a punto de caerse, las raices ya levantaron toda la vereda de alrededor. Muchas gracias por su tiempo.",Áreas Verdes
"el restaurant de la cuadra de la plaza boto sus desechos a la calle de nuevo, ademas dudo que tenga los permisos sanitarios al dia. Saludos",Permisos y Patentes Comerciales
"el poste que esta frente a mi casa en calle Las Torres tiene la luz encendida todo el dia y de noche se apaga, esta al reves. Quedo atento a una respuesta.",Alumbrado Público
"en Villa El Retiro hay varios postes sin luz y de noche los delincuentes aprovechan la oscuridad para hacer de las suyas. Espero puedan solucionarlo pronto, gracias.",Alumbrado Público
"el alumbrado publico de la cancha de Villa El Mirador no sirve, los ninos que juegan de noche no ven nada y se pueden accidentar. Porfavor tomen cartas en el asunto",Alumbrado Público
"buenas tardes, hace varios meses que no funciona ningun poste de luz en calle Padre Hurtado por el sector poniente, de noche queda todo oscuro y da miedo caminar. Muchas gracias por su tiempo.",Alumbrado Público
el local nocturno de calle Los Almendros sigue funcionando pasada la hora permitida y los vecinos no podemos dormir por el bullicio. Espero una pronta solucion.,Permisos y Patentes Comerciales
"el poste que esta frente a mi casa en calle Los Copihues tiene la luz encendida todo el dia y de noche se apaga, esta al reves. Espero puedan solucionarlo pronto, gracias",Alumbrado Público
"sr. alcalde, el pasto y la maleza de la vereda en calle Independencia ya casi tapan la calzada, ademas hay bastante basura acumulada. Ojala le puedan poner atencion a esto.",Aseo y Ornato
"en la esquina de Los Aromos instalaron un carrito de comida sin ningun permiso, ademas deja toda la vereda sucia. Quedo atento a una respuesta",Permisos y Patentes Comerciales
"asaltaron a un vecino a mano armada en la esquina de Las Camelias hace un mes, necesitamos mas presencia policial urgente. Espero una pronta solucion!!",Seguridad Ciudadana
"buen dia, quiero saber si el negocio nuevo del sector sur cuenta con patente de alcoholes, porque vende cerveza a toda hora incluso de madrugada. Espero una pronta solucion.",Permisos y Patentes Comerciales
"hay un poste de luz que quedo torcido en medio de la vereda de Las Rosas despues q un auto lo choco, es un peligro para los peatones. Ya no sabemos a quien mas recurrir",Vialidad y Pavimentación
los camiones recolectores estan pasando en la madrugada y hacen un escandalo terrible ademas dejan tarros de basura botados en la calle El Roble. Porfavor tomen cartas en el asunto!!,Aseo y Ornato
quiero reclamar xq no hay camaras de seguridad en la esquina y ahi es donde mas robos se producen segun los vecinos. Gracias de antemano.,Seguridad Ciudadana
"Hola municipio, necesitamos urgente mas iluminacion en la esquina porque en la noche no se ve nada y da temor para las senoras que llegan solas. Ojala le puedan poner atencion a esto.",Alumbrado Público
"quiero denunciar un taller mecanico en calle Los Jazmines que funciona en la via publica sin patente comercial, dejan aceite tirado en la calle. Gracias de antemano",Permisos y Patentes Comerciales
"estimados, el camion de la basura no pasa hace casi 2 semanas en calle Santa Rosa cerca de la plaza, ya se estan juntando bolsas y hay un olor terrible. Gracias de antemano.",Aseo y Ornato
"hace tiempo que pedimos mas alumbrado en el pasaje de Poblacion El Bosque, esta todo oscuro y varias vecinas tienen miedo de volver de noche. Muchas gracias por su tiempo!!",Alumbrado Público
hicieron una rayado (graffiti) horrible en el muro de la sede social de Poblacion 18 de Septiembre y ya lleva un par de semanas sin que lo limpien. Porfavor tomen cartas en el asunto.,Aseo y Ornato
"los tachos de basura de la plaza de Poblacion Cordillera estan quebrados y el pasto lleno de vidrios, es peligroso para los ninos que andan descalzos. Porfavor tomen cartas en el asunto.",Áreas Verdes
"hace tiempo que pedimos mas alumbrado en el pasaje de Villa Esperanza, esta todo oscuro y varias vecinas tienen miedo de volver de noche.",Alumbrado Público
"quiero reclamar por el aseo de calle Las Camelias, esta lleno de colillas, papeles y basura, y el barrendero no pasa hace tiempo. Espero puedan solucionarlo pronto, gracias.",Aseo y Ornato
reclamo xq el semaforo peatonal del sector poniente no funciona hace varios meses y es my peligroso cruzar ahi.,Vialidad y Pavimentación
"buenos dias, llevamos varias semanas sin luz en todo el pasaje de calle Pedro de Valdivia, ya reclamamos por telefono y no ha pasado nada. Espero una pronta solucion.",Alumbrado Público
los vecinos del sector poniente estamos organizando rondas propias porque los robos no paran y la municipalidad no ha respondido. Gracias de antemano.,Seguridad Ciudadana
"asaltaron a un vecino a mano armada en la esquina de Los Alamos hace bastante tiempo, necesitamos mas presencia policial urgente. Porfavor tomen cartas en el asunto",Seguridad Ciudadana
quiero reclamar xq los contenedores de basura de mi calle estan siempre rebalsados y los perros vagos rompen las bolsas y dejan la tierra tirada!!,Aseo y Ornato
"los tachos de basura de la plaza de Poblacion Cordillera estan quebrados y el pasto lleno de vidrios, es peligroso para los ninos que andan descalzos. Saludos.",Áreas Verdes
"estimados, vengo a reclamar xq el camion recolector paso y dejo la mitad de la basura tirada en la calle Los Naranjos, quedo un desastre. Porfavor tomen cartas en el asunto.",Aseo y Ornato
los postes de luz del sector oriente se apagan como a las 11 de la noche y quedamos completamente a oscuras hasta el otro dia. Espero una pronta solucion.,Alumbrado Público
en la esquina el agua de lluvia se acumula en la calle y forma una laguna enorme porque no hay rejillas de desague.,Vialidad y Pavimentación
"el poste que esta frente a mi casa en calle Las Torres tiene la luz encendida todo el dia y de noche se apaga, esta al reves. Espero puedan solucionarlo pronto, gracias.",Alumbrado Público
"las papeleras de calle Los Copihues estan todas rotas y no las han cambiado, por eso la gente tira la basura directo al suelo. Porfavor tomen cartas en el asunto",Aseo y Ornato
"en la plaza de Poblacion Nueva Amanecer los columpios estan quebrados hace tiempo y los ninos igual los usan, alguien se puede lesionar. Gracias de antemano.",Áreas Verdes
"los basureros publicos de la plaza de Villa Portales estan quebrados y llenos de basura desbordada, alguien tiene q ir a limpiar urgente. Quedo atento a una respuesta",Aseo y Ornato
"hace varias semanas que no riegan las areas verdes de calle El Roble, todo el pasto se esta secando y los arboles nuevos se van a morir. Muchas gracias por su tiempo.",Áreas Verdes
los postes de luz de la esquina se apagan como a las 11 de la noche y quedamos completamente a oscuras hasta el otro dia. Porfavor tomen cartas en el asunto,Alumbrado Público
necesitamos urgente una camara de seguridad en la esquina de Colon porque ahi asaltaron a dos personas esta semana!!,Seguridad Ciudadana
"Hola municipio, pedimos hace una semana que planten mas arboles en calle Las Camelias porque en verano hace un calor insoportable sin sombra. Espero una pronta solucion.",Áreas Verdes
"hay un galpon en Poblacion Nueva Amanecer que funciona como bodega sin permiso de funcionamiento, ademas genera mucho ruido de camiones en la noche. Muchas gracias por su tiempo",Permisos y Patentes Comerciales
los postes de luz del sector norte se apagan como a las 11 de la noche y quedamos completamente a oscuras hasta el otro dia. Muchas gracias por su tiempo.,Alumbrado Público
la vereda del sector poniente esta toda levantada por las raices de un arbol y varias personas se han caido ahi. Espero una pronta solucion.,Vialidad y Pavimentación
la vereda de la esquina esta toda levantada por las raices de un arbol y varias personas se han caido ahi. Gracias de antemano.,Vialidad y Pavimentación
"Buenos dias, en la plaza de Poblacion 18 de Septiembre se juntan a beber y a pelear todas las noches, los vecinos tenemos miedo de salir. Quedo atento a una respuesta",Seguridad Ciudadana
los postes de luz de la cuadra de la plaza se apagan como a las 11 de la noche y quedamos completamente a oscuras hasta el otro dia. Ojala le puedan poner atencion a esto!!,Alumbrado Público
"estimados, pedimos hace una semana que planten mas arboles en calle Arturo Prat porque en verano hace un calor insoportable sin sombra. Muchas gracias por su tiempo",Áreas Verdes
"hay un cable colgando de un poste frente al almacen de la esquina que parece que es de la luz de la calle, da miedo que le pase algo a alguien. Gracias de antemano.",Alumbrado Público
hace 20 dias que pedimos un lomo de toro en calle Las Camelias porq los autos pasan a exceso de velocidad y casi atropellan a un nino. Gracias de antemano.,Vialidad y Pavimentación
"llevamos bastante tiempo pidiendo mas seguridad para Villa Los Alerces, los delincuentes ya perdieron el miedo y roban de dia!!",Seguridad Ciudadana
"Buen dia, el bar que esta cerca de mi casa en Villa El Trebol hace un ruido tremendo todos los fines de semana hasta el amanecer. Saludos.",Permisos y Patentes Comerciales
"hace varias semanas que un grupo de encapuchados anda rondando por calle Pedro de Valdivia, varios vecinos ya llamaron a carabineros pero no llegan a tiempo. Gracias de antemano",Seguridad Ciudadana
"hay comercio ambulante instalado hace una semana cerca de la cancha sin ningun permiso, ocupan toda la vereda y no dejan pasar a la gente.",Permisos y Patentes Comerciales
"hace tiempo que pedimos mas alumbrado en el pasaje de Poblacion El Bosque, esta todo oscuro y varias vecinas tienen miedo de volver de noche. Ojala le puedan poner atencion a esto!!",Alumbrado Público
"el sitio eriazo de calle Los Copihues se ha convertido en un foco de delincuencia, de noche se juntan a robar y a consumir. Porfavor tomen cartas en el asunto.",Seguridad Ciudadana
"Buen dia, quiero saber si el negocio nuevo del centro cuenta con patente de alcoholes, porque vende cerveza a toda hora incluso de madrugada. Porfavor tomen cartas en el asunto!!",Permisos y Patentes Comerciales
hicieron una rayado (graffiti) horrible en el muro de la sede social de Villa Las Nieves y ya lleva bastante tiempo sin que lo limpien. Ya no sabemos a quien mas recurrir.,Aseo y Ornato
"Buenas tardes, llevamos 20 dias sin luz en todo el pasaje de calle Las Camelias, ya reclamamos por telefono y no ha pasado nada. Saludos!!",Alumbrado Público
el bebedero de la plaza de calle Arturo Prat no funciona hace tiempo y con el calor los ninos necesitan tomar agua. Porfavor tomen cartas en el asunto,Áreas Verdes
"Buenas tardes, el semaforo de la esquina de Pedro de Valdivia con la principal lleva 3 dias malo y esta generando tacos y accidentes. Espero puedan solucionarlo pronto, gracias",Vialidad y Pavimentación
"buenas tardes, hay un hoyo enorme en calle Los Jazmines cerca de la cancha que ya provoco que un auto se pinchara, es peligroso porfavor arreglenlo. Ya no sabemos a quien mas recurrir.",Vialidad y Pavimentación
"los juegos infantiles de la plaza Villa El Trebol estan todos oxidados y rotos, mi hija se corto con un fierro el otro dia. Espero puedan solucionarlo pronto, gracias.",Áreas Verdes
"los tachos de basura de la plaza de Villa El Mirador estan quebrados y el pasto lleno de vidrios, es peligroso para los ninos que andan descalzos. Muchas gracias por su tiempo.",Áreas Verdes
"sr. alcalde, anoche entraron a robar a una casa de Poblacion Los Heroes, ya es la tercera esta semana y nadie hace rondas por aca. Saludos.",Seguridad Ciudadana
"hola, el poste de calle Manuel Rodriguez quedo colgando despues de un choque hace 3 dias y nadie lo ha venido a reparar, es peligroso. Ya no sabemos a quien mas recurrir.",Alumbrado Público
"los tachos de basura de la plaza de Villa Las Nieves estan quebrados y el pasto lleno de vidrios, es peligroso para los ninos que andan descalzos. Saludos.",Áreas Verdes
"Buenos dias, vengo a reclamar xq el camion recolector paso y dejo la mitad de la basura tirada en la calle Simon Bolivar, quedo un desastre. Porfavor tomen cartas en el asunto.",Aseo y Ornato
hicieron una rayado (graffiti) horrible en el muro de la sede social de Poblacion 18 de Septiembre y ya lleva 20 dias sin que lo limpien. Muchas gracias por su tiempo,Aseo y Ornato
"Sr. alcalde, el restaurant de la cuadra de la plaza boto sus desechos a la calle de nuevo, ademas dudo que tenga los permisos sanitarios al dia. Porfavor tomen cartas en el asunto!!",Permisos y Patentes Comerciales
"la plaza de la villa de al lado quedo destruida despues de una fiesta del fin de semana, rompieron bancas y plantas, hay q reponer todo.",Áreas Verdes
"buenos dias, el bebedero de la plaza de calle Arturo Prat no funciona hace tiempo y con el calor los ninos necesitan tomar agua. Gracias de antemano!!",Áreas Verdes
"hola municipio, el semaforo de la esquina de Independencia con la principal lleva varias semanas malo y esta generando tacos y accidentes. Quedo atento a una respuesta.",Vialidad y Pavimentación
los vecinos del centro estamos organizando rondas propias porque los robos no paran y la municipalidad no ha respondido. Quedo atento a una respuesta.,Seguridad Ciudadana
"buenas tardes, hay un colchon y varios muebles viejos botados hace un mes al fondo del pasaje, porfavor manden a retirarlos. Ya no sabemos a quien mas recurrir.",Aseo y Ornato
"en la plaza de Villa Sol Naciente los columpios estan quebrados hace tiempo y los ninos igual los usan, alguien se puede lesionar. Quedo atento a una respuesta!!",Áreas Verdes
"hay un galpon en Poblacion Cordillera que funciona como bodega sin permiso de funcionamiento, ademas genera mucho ruido de camiones en la noche. Ojala le puedan poner atencion a esto!!",Permisos y Patentes Comerciales
"estimados, el pasto y la maleza de la vereda en calle Las Encinas ya casi tapan la calzada, ademas hay bastante basura acumulada. Gracias de antemano.",Aseo y Ornato
"hay un galpon en Villa Portales que funciona como bodega sin permiso de funcionamiento, ademas genera mucho ruido de camiones en la noche. Gracias de antemano.",Permisos y Patentes Comerciales
"en la plaza de Villa El Trebol los columpios estan quebrados hace tiempo y los ninos igual los usan, alguien se puede lesionar. Ya no sabemos a quien mas recurrir.",Áreas Verdes
"la vereda de calle Colon esta rota hace una semana, las senoras con coche de guagua tienen q bajarse a la calle para pasar. Gracias de antemano.",Vialidad y Pavimentación
"Buen dia, el bebedero de la plaza de calle Los Alamos no funciona hace tiempo y con el calor los ninos necesitan tomar agua. Ojala le puedan poner atencion a esto.",Áreas Verdes
"la plaza del pasaje de atras quedo destruida despues de una fiesta del fin de semana, rompieron bancas y plantas, hay q reponer todo. Ojala le puedan poner atencion a esto.",Áreas Verdes
las rejillas de aguas lluvias de calle Colon estan tapadas y cuando llueve se inunda toda la cuadra.,Vialidad y Pavimentación
"al lado de la sede vecinal hay un perro muerto en la calle hace como varios meses y nadie lo ha retirado, da mucho asco y hay moscas por todos lados. Gracias de antemano!!",Aseo y Ornato
"llevamos un mes esperando que repongan el pavimento de calle Independencia, quedo puro hoyo despues de las obras del alcantarillado!!",Vialidad y Pavimentación
"el poste que esta frente a mi casa en calle Los Castanos tiene la luz encendida todo el dia y de noche se apaga, esta al reves. Ojala le puedan poner atencion a esto!!",Alumbrado Público
"Hola, reclamo pq las luminarias nuevas que pusieron en calle Los Alamos quedaron mal instaladas y se apagan solas cada rato. Gracias de antemano",Alumbrado Público
"reclamo xq instalaron una discoteca improvisada en una casa de calle Circunvalacion, cobran entrada y no creo que tengan patente para eso. Saludos.",Permisos y Patentes Comerciales
"hace falta un lomo de toro urgente en calle Santa Rosa al lado de la sede vecinal, los autos pasan como si fuera autopista y ya casi atropellan a un vecino. Ojala le puedan poner atencion a esto.",Vialidad y Pavimentación
"en la plaza de Poblacion El Progreso los columpios estan quebrados hace tiempo y los ninos igual los usan, alguien se puede lesionar. Quedo atento a una respuesta!!",Áreas Verdes
"Buen dia, reclamo pq las luminarias nuevas que pusieron en calle Diego Portales quedaron mal instaladas y se apagan solas cada rato. Saludos!!",Alumbrado Público
"hace tiempo que pedimos mas alumbrado en el pasaje de Poblacion San Rafael, esta todo oscuro y varias vecinas tienen miedo de volver de noche.",Alumbrado Público
"los hoyos de calle Los Naranjos estan cada vez mas grandes, se ve el fierro de las canerias, es un peligro para las motos. Gracias de antemano!!",Vialidad y Pavimentación
"hola municipio, hace un par de semanas que no funciona ningun poste de luz en calle San Martin al lado de la sede vecinal, de noche queda todo oscuro y da miedo caminar. Espero una pronta solucion.",Alumbrado Público
"Sr. alcalde, hace casi 2 semanas que no riegan las areas verdes de calle Simon Bolivar, todo el pasto se esta secando y los arboles nuevos se van a morir. Quedo atento a una respuesta",Áreas Verdes
"Hola, el restaurant del sector poniente boto sus desechos a la calle de nuevo, ademas dudo que tenga los permisos sanitarios al dia.",Permisos y Patentes Comerciales
el local nocturno de calle Los Alamos sigue funcionando pasada la hora permitida y los vecinos no podemos dormir por el bullicio. Porfavor tomen cartas en el asunto.,Permisos y Patentes Comerciales
"hola, en la Poblacion San Rafael hay un microbasural enorme que se esta formando en el sitio eriazo, la gente sigue tirando basura y nadie hace nada. Quedo atento a una respuesta.",Aseo y Ornato
"llevamos bastante tiempo esperando que repongan el pavimento de calle Las Camelias, quedo puro hoyo despues de las obras del alcantarillado.",Vialidad y Pavimentación
"Hola municipio, el paso peatonal frente al colegio del centro esta borrado hace tiempo y los autos no respetan a los ninos que cruzan. Muchas gracias por su tiempo.",Vialidad y Pavimentación
"nadie barre las veredas de Poblacion Santa Elena hace varias semanas, esta lleno de hojas y tierra, se ve muy descuidado el sector. Saludos!!",Aseo y Ornato
"en la plaza de Poblacion San Rafael los columpios estan quebrados hace tiempo y los ninos igual los usan, alguien se puede lesionar. Ya no sabemos a quien mas recurrir",Áreas Verdes
"Hola, hace casi 2 semanas que no funciona ningun poste de luz en calle Padre Hurtado atras del colegio, de noche queda todo oscuro y da miedo caminar. Saludos.",Alumbrado Público
"hola, el local que abrieron en calle Diego Portales pone musica hasta muy tarde y creo q no tiene patente para funcionar asi. Espero puedan solucionarlo pronto, gracias",Permisos y Patentes Comerciales
"hay un grupo que se junta a consumir drogas todas las noches en la esquina de calle Vicuna Mackenna, los vecinos ya no sabemos que hacer. Espero una pronta solucion.",Seguridad Ciudadana
"hace bastante tiempo que un grupo de encapuchados anda rondando por calle Padre Hurtado, varios vecinos ya llamaron a carabineros pero no llegan a tiempo. Saludos",Seguridad Ciudadana
los postes de luz de la cuadra de la plaza se apagan como a las 11 de la noche y quedamos completamente a oscuras hasta el otro dia. Ya no sabemos a quien mas recurrir.,Alumbrado Público
"Buenas tardes, necesitamos que poden los arboles de calle El Roble porque las ramas ya estan tocando los cables de luz. Gracias de antemano.",Áreas Verdes
"buenos dias, llevamos varios meses sin luz en todo el pasaje de calle Diego Portales, ya reclamamos por telefono y no ha pasado nada. Espero puedan solucionarlo pronto, gracias.",Alumbrado Público
"la vereda de calle Los Alamos esta rota hace mas de un mes, las senoras con coche de guagua tienen q bajarse a la calle para pasar.",Vialidad y Pavimentación
"falta señaletica de pare en la esquina de calle Arturo Prat, ya hubo dos choques este mes por eso mismo. Muchas gracias por su tiempo.",Vialidad y Pavimentación
"en la esquina de El Roble instalaron un carrito de comida sin ningun permiso, ademas deja toda la vereda sucia. Muchas gracias por su tiempo.",Permisos y Patentes Comerciales
"en la Poblacion Santa Elena la plaza esta abandonada, el pasto crecido, los arbustos sin podar y da la sensacion de que a nadie le importa. Quedo atento a una respuesta.",Áreas Verdes
"hay pandillas de jovenes que se juntan a hacer destrozos en la plaza del pasaje de atras, rompen bancas y asustan a los vecinos. Gracias de antemano.",Seguridad Ciudadana
"Buenas tardes, hay actos de vandalismo constantes en Villa El Mirador, rayan las casas y rompen los vidrios de los autos estacionados. Espero una pronta solucion",Seguridad Ciudadana
"hay un galpon en Villa El Trebol que funciona como bodega sin permiso de funcionamiento, ademas genera mucho ruido de camiones en la noche. Espero puedan solucionarlo pronto, gracias.",Permisos y Patentes Comerciales
cerca del paradero el agua de lluvia se acumula en la calle y forma una laguna enorme porque no hay rejillas de desague. Muchas gracias por su tiempo.,Vialidad y Pavimentación
"Hola, necesitamos que poden los arboles de calle Padre Hurtado porque las ramas ya estan tocando los cables de luz. Muchas gracias por su tiempo.",Áreas Verdes
"sr. alcalde, necesitamos que poden los arboles de calle Arturo Prat porque las ramas ya estan tocando los cables de luz.",Áreas Verdes
"el pavimento de la Poblacion Los Heroes tiene grietas enormes por todos lados, cuando llueve se hacen unas pozas gigantes. Saludos",Vialidad y Pavimentación
"el poste que esta frente a mi casa en calle Simon Bolivar tiene la luz encendida todo el dia y de noche se apaga, esta al reves. Porfavor tomen cartas en el asunto",Alumbrado Público
"quiero reclamar por el aseo de calle Los Alerces, esta lleno de colillas, papeles y basura, y el barrendero no pasa hace tiempo. Ya no sabemos a quien mas recurrir!!",Aseo y Ornato
"quiero denunciar que en calle Circunvalacion hay una casa que parece un punto de venta de drogas, entra y sale gente a toda hora. Saludos",Seguridad Ciudadana
"hay un grupo que se junta a consumir drogas todas las noches en la esquina de calle Santa Rosa, los vecinos ya no sabemos que hacer. Porfavor tomen cartas en el asunto.",Seguridad Ciudadana
"hace una semana que no retiran los escombros que dejaron en la vereda de calle Los Castanos, al fondo del pasaje, y estan estorbando el paso de la gente. Espero puedan solucionarlo pronto, gracias!!",Aseo y Ornato
"hola municipio, el poste de calle Los Jazmines quedo colgando despues de un choque hace una semana y nadie lo ha venido a reparar, es peligroso.",Alumbrado Público
quiero reclamar xq hay un almacen frente a la iglesia que vende alcohol a menores y no se si tiene la patente correspondiente. Quedo atento a una respuesta.,Permisos y Patentes Comerciales
"el juego de resbalin de la plaza del pasaje de atras esta oxidado y con el fierro filoso, ya casi corta a un nino. Saludos.",Áreas Verdes
en Poblacion Nueva Amanecer hay varios postes sin luz y de noche los delincuentes aprovechan la oscuridad para hacer de las suyas.,Alumbrado Público
"Hola municipio, el pasto y la maleza de la vereda en calle Yungay ya casi tapan la calzada, ademas hay bastante basura acumulada. Porfavor tomen cartas en el asunto.",Aseo y Ornato
al lado de la sede vecinal el agua de lluvia se acumula en la calle y forma una laguna enorme porque no hay rejillas de desague. Ya no sabemos a quien mas recurrir.,Vialidad y Pavimentación
los vecinos de la cuadra de la plaza estamos organizando rondas propias porque los robos no paran y la municipalidad no ha respondido. Espero una pronta solucion.,Seguridad Ciudadana
"sr. alcalde, el restaurant del barrio alto boto sus desechos a la calle de nuevo, ademas dudo que tenga los permisos sanitarios al dia. Saludos.",Permisos y Patentes Comerciales
"quiero reclamar por el aseo de calle Vicuna Mackenna, esta lleno de colillas, papeles y basura, y el barrendero no pasa hace tiempo!!",Aseo y Ornato
hace 20 dias que el poste de la esquina de El Roble esta apagado y justo ahi es donde han asaltado a dos vecinos ultimamente. Quedo atento a una respuesta.,Alumbrado Público
"Buenos dias, en la Poblacion El Bosque hay un microbasural enorme que se esta formando en el sitio eriazo, la gente sigue tirando basura y nadie hace nada. Ya no sabemos a quien mas recurrir.",Aseo y Ornato
"hay pandillas de jovenes que se juntan a hacer destrozos en la plaza de la esquina, rompen bancas y asustan a los vecinos. Espero una pronta solucion.",Seguridad Ciudadana
"hay un arbol en la plaza de la villa de al lado que esta a punto de caerse, las raices ya levantaron toda la vereda de alrededor. Espero una pronta solucion.",Áreas Verdes
"Hola municipio, el bebedero de la plaza de calle Arturo Prat no funciona hace tiempo y con el calor los ninos necesitan tomar agua. Ya no sabemos a quien mas recurrir.",Áreas Verdes
"hay comercio ambulante instalado hace 10 dias por el sector poniente sin ningun permiso, ocupan toda la vereda y no dejan pasar a la gente. Gracias de antemano.",Permisos y Patentes Comerciales
los vecinos de la cuadra de la plaza estamos organizando rondas propias porque los robos no paran y la municipalidad no ha respondido. Gracias de antemano.,Seguridad Ciudadana
"en Villa El Retiro las calles de tierra se llenan de barro cuando llueve, ya no se puede ni caminar, necesitamos pavimentacion urgente!!",Vialidad y Pavimentación
"los hoyos de calle Los Jazmines estan cada vez mas grandes, se ve el fierro de las canerias, es un peligro para las motos. Quedo atento a una respuesta.",Vialidad y Pavimentación
"Sr. alcalde, hay actos de vandalismo constantes en Villa Portales, rayan las casas y rompen los vidrios de los autos estacionados. Saludos.",Seguridad Ciudadana
"buen dia, el pavimento de la Poblacion Cordillera tiene grietas enormes por todos lados, cuando llueve se hacen unas pozas gigantes. Saludos.",Vialidad y Pavimentación
el local nocturno de calle Los Aromos sigue funcionando pasada la hora permitida y los vecinos no podemos dormir por el bullicio. Saludos.,Permisos y Patentes Comerciales
los vecinos del sector poniente llevamos mas de 20 dias pidiendo que manden a limpiar el canal que esta lleno de basura y da mal olor. Ya no sabemos a quien mas recurrir!!,Aseo y Ornato
"quiero reclamar xq las luces de la plaza de Villa El Trebol nunca las prenden aunque este oscuro, parece que el sensor esta malo. Espero puedan solucionarlo pronto, gracias",Alumbrado Público
"hay un galpon en Poblacion Cordillera que funciona como bodega sin permiso de funcionamiento, ademas genera mucho ruido de camiones en la noche. Ya no sabemos a quien mas recurrir",Permisos y Patentes Comerciales
las rejillas de aguas lluvias de calle Los Almendros estan tapadas y cuando llueve se inunda toda la cuadra.,Vialidad y Pavimentación
"hola municipio, el pasto y la maleza de la vereda en calle Errazuriz ya casi tapan la calzada, ademas hay bastante basura acumulada. Ya no sabemos a quien mas recurrir.",Aseo y Ornato
"el foco de la esquina de mi casa en Manuel Rodriguez esta quemado hace varios meses, ya avise antes y nadie ha venido a cambiarlo. Saludos.",Alumbrado Público
en Poblacion Vista Hermosa hay varios postes sin luz y de noche los delincuentes aprovechan la oscuridad para hacer de las suyas. Espero una pronta solucion.,Alumbrado Público
"estimados, el pasto de la plaza de Villa Esperanza no lo cortan hace bastante tiempo, ya esta enorme y se esconden ahi los perros vagos. Espero una pronta solucion.",Áreas Verdes
"sr. alcalde, hace 10 dias que no funciona ningun poste de luz en calle Los Castanos cerca del jardin infantil, de noche queda todo oscuro y da miedo caminar. Gracias de antemano",Alumbrado Público
quiero reclamar xq los contenedores de basura de mi calle estan siempre rebalsados y los perros vagos rompen las bolsas y dejan la tierra tirada. Espero una pronta solucion,Aseo y Ornato
la vereda de la cuadra de la plaza esta toda levantada por las raices de un arbol y varias personas se han caido ahi. Ya no sabemos a quien mas recurrir.,Vialidad y Pavimentación
"asaltaron a un vecino a mano armada en la esquina de Errazuriz hace mas de 20 dias, necesitamos mas presencia policial urgente. Ya no sabemos a quien mas recurrir",Seguridad Ciudadana
quiero reclamar xq dejaron la calle Circunvalacion abierta despues de un arreglo de agua potable hace 20 dias y no la han vuelto a pavimentar. Espero una pronta solucion.,Vialidad y Pavimentación
"Hola municipio, el bar que esta cerca de mi casa en Villa Los Pinos hace un ruido tremendo todos los fines de semana hasta el amanecer. Porfavor tomen cartas en el asunto",Permisos y Patentes Comerciales
"buenos dias, pedimos mas rondas de carabineros para Poblacion Nueva Amanecer porque hace un mes hubo dos asaltos en la misma cuadra. Saludos.",Seguridad Ciudadana
"Buenos dias, hay actos de vandalismo constantes en Villa Esperanza, rayan las casas y rompen los vidrios de los autos estacionados. Espero una pronta solucion.",Seguridad Ciudadana
"quiero reclamar xq cortaron mal los arboles de la plaza del pasaje de atras y quedaron puros palos pelados, se ve horrible. Porfavor tomen cartas en el asunto!!",Áreas Verdes
"buenas tardes, hay un negocio cerca de la cancha que hace fiestas clandestinas los fines de semana, con musica fuerte y venta de alcohol sin permiso. Gracias de antemano.",Permisos y Patentes Comerciales
"el pavimento de calle Santa Rosa esta totalmente destrozado, cada vez q llueve se llena de agua y no se puede pasar. Espero puedan solucionarlo pronto, gracias.",Vialidad y Pavimentación
"quiero reclamar xq las luces de la plaza de Villa Sol Naciente nunca las prenden aunque este oscuro, parece que el sensor esta malo.",Alumbrado Público
"los juegos infantiles de la plaza Poblacion El Progreso estan todos oxidados y rotos, mi hija se corto con un fierro el otro dia. Espero una pronta solucion.",Áreas Verdes
quiero reclamar xq no hay camaras de seguridad por el sector poniente y ahi es donde mas robos se producen segun los vecinos. Muchas gracias por su tiempo!!,Seguridad Ciudadana
"quiero denunciar que en calle Las Torres hay una casa que parece un punto de venta de drogas, entra y sale gente a toda hora. Porfavor tomen cartas en el asunto.",Seguridad Ciudadana
"en la Poblacion El Progreso la plaza esta abandonada, el pasto crecido, los arbustos sin podar y da la sensacion de que a nadie le importa. Gracias de antemano.",Áreas Verdes
"Hola, el local que abrieron en calle Santa Rosa pone musica hasta muy tarde y creo q no tiene patente para funcionar asi. Ojala le puedan poner atencion a esto.",Permisos y Patentes Comerciales
"hace falta un lomo de toro urgente en calle Balmaceda cerca de la plaza, los autos pasan como si fuera autopista y ya casi atropellan a un vecino. Espero una pronta solucion.",Vialidad y Pavimentación
"buenos dias, necesitamos urgente mas iluminacion en la esquina porque en la noche no se ve nada y da temor para las senoras que llegan solas!!",Alumbrado Público
quiero saber pq el local de calle Santa Rosa sigue abierto si los vecinos ya denunciamos que no tiene patente comercial vigente. Espero una pronta solucion.,Permisos y Patentes Comerciales
la vereda del pasaje de atras esta toda levantada por las raices de un arbol y varias personas se han caido ahi. Quedo atento a una respuesta!!,Vialidad y Pavimentación
"estimados, el paso peatonal frente al colegio del barrio alto esta borrado hace tiempo y los autos no respetan a los ninos que cruzan. Saludos.",Vialidad y Pavimentación
"Buenas tardes, hay un colchon y varios muebles viejos botados hace 20 dias frente al almacen de la esquina, porfavor manden a retirarlos. Muchas gracias por su tiempo.",Aseo y Ornato
hace bastante tiempo que reclamamos por el negocio de comida de Poblacion Cordillera que funciona sin resolucion sanitaria y bota olores fuertes. Espero una pronta solucion!!,Permisos y Patentes Comerciales
"sr. alcalde, hay un hoyo enorme en calle San Martin por el sector poniente que ya provoco que un auto se pinchara, es peligroso porfavor arreglenlo. Espero puedan solucionarlo pronto, gracias.",Vialidad y Pavimentación
quiero saber pq el local de calle Los Copihues sigue abierto si los vecinos ya denunciamos que no tiene patente comercial vigente. Ya no sabemos a quien mas recurrir.,Permisos y Patentes Comerciales
"reclamo xq el semaforo peatonal del sector norte no funciona hace mas de un mes y es my peligroso cruzar ahi. Espero puedan solucionarlo pronto, gracias",Vialidad y Pavimentación
"el sitio eriazo de calle Los Jazmines se ha convertido en un foco de delincuencia, de noche se juntan a robar y a consumir. Ojala le puedan poner atencion a esto.",Seguridad Ciudadana
"el poste que esta frente a mi casa en calle O'Higgins tiene la luz encendida todo el dia y de noche se apaga, esta al reves. Porfavor tomen cartas en el asunto.",Alumbrado Público
"Sr. alcalde, el semaforo de la esquina de El Bosque con la principal lleva mas de 20 dias malo y esta generando tacos y accidentes. Muchas gracias por su tiempo!!",Vialidad y Pavimentación
quiero reclamar xq hay un almacen cerca del paradero que vende alcohol a menores y no se si tiene la patente correspondiente. Ojala le puedan poner atencion a esto!!,Permisos y Patentes Comerciales
"el foco de la esquina de mi casa en Vicuna Mackenna esta quemado hace bastante tiempo, ya avise antes y nadie ha venido a cambiarlo. Porfavor tomen cartas en el asunto.",Alumbrado Público
"hace mas de 20 dias que un grupo de encapuchados anda rondando por calle Arturo Prat, varios vecinos ya llamaron a carabineros pero no llegan a tiempo. Espero puedan solucionarlo pronto, gracias!!",Seguridad Ciudadana
"la plaza del sector sur quedo destruida despues de una fiesta del fin de semana, rompieron bancas y plantas, hay q reponer todo. Saludos",Áreas Verdes
"hola, el pasto y la maleza de la vereda en calle Los Alamos ya casi tapan la calzada, ademas hay bastante basura acumulada. Porfavor tomen cartas en el asunto.",Aseo y Ornato
hace 3 dias que el poste de la esquina de Las Rosas esta apagado y justo ahi es donde han asaltado a dos vecinos ultimamente.,Alumbrado Público
"frente al almacen de la esquina hay un perro muerto en la calle hace como bastante tiempo y nadie lo ha retirado, da mucho asco y hay moscas por todos lados. Ya no sabemos a quien mas recurrir.",Aseo y Ornato
"hola municipio, el kiosco del centro crecio y ahora ocupa media vereda con mesas, sin permiso municipal para eso segun tengo entendido. Ojala le puedan poner atencion a esto.",Permisos y Patentes Comerciales
"los tachos de basura de la plaza de Poblacion El Progreso estan quebrados y el pasto lleno de vidrios, es peligroso para los ninos que andan descalzos. Quedo atento a una respuesta",Áreas Verdes
"Buen dia, quiero denunciar que cerca del jardin infantil la gente bota escombros de construccion ilegalmente y ya se hizo un basural enorme. Ya no sabemos a quien mas recurrir.",Aseo y Ornato
"en la Villa Sol Naciente varios postes no tienen ampolleta hace mas de 20 dias, de noche es imposible ver por donde uno camina. Porfavor tomen cartas en el asunto",Alumbrado Público
necesitamos que poden los arboles de calle Ignacio Carrera Pinto porque las ramas ya estan tocando los cables de luz. Muchas gracias por su tiempo!!,Áreas Verdes
"hace una semana que no retiran los escombros que dejaron en la vereda de calle Las Rosas, atras del colegio, y estan estorbando el paso de la gente. Saludos",Aseo y Ornato
"reclamo xq el furgon de seguridad municipal ya no pasa por la cuadra de la plaza como antes, y justo ahora es cuando mas robos hay. Quedo atento a una respuesta.",Seguridad Ciudadana
los vecinos del sector poniente estamos organizando rondas propias porque los robos no paran y la municipalidad no ha respondido.,Seguridad Ciudadana
"Sr. alcalde, el paso peatonal frente al colegio de la villa de al lado esta borrado hace tiempo y los autos no respetan a los ninos que cruzan. Porfavor tomen cartas en el asunto.",Vialidad y Pavimentación
"Buenos dias, necesitamos que poden los arboles de calle El Roble porque las ramas ya estan tocando los cables de luz. Gracias de antemano",Áreas Verdes
"reclamo xq el furgon de seguridad municipal ya no pasa por el pasaje de atras como antes, y justo ahora es cuando mas robos hay. Ojala le puedan poner atencion a esto",Seguridad Ciudadana
quiero reclamar xq hay un almacen frente al almacen de la esquina que vende alcohol a menores y no se si tiene la patente correspondiente. Muchas gracias por su tiempo,Permisos y Patentes Comerciales
"buen dia, hace bastante tiempo que no riegan las areas verdes de calle Los Copihues, todo el pasto se esta secando y los arboles nuevos se van a morir. Ya no sabemos a quien mas recurrir.",Áreas Verdes
los vecinos del barrio alto estamos organizando rondas propias porque los robos no paran y la municipalidad no ha respondido. Ojala le puedan poner atencion a esto.,Seguridad Ciudadana
"buenas tardes, llevamos mas de un mes sin luz en todo el pasaje de calle Vicuna Mackenna, ya reclamamos por telefono y no ha pasado nada. Quedo atento a una respuesta.",Alumbrado Público
"Buen dia, el pasto y la maleza de la vereda en calle Las Acacias ya casi tapan la calzada, ademas hay bastante basura acumulada. Porfavor tomen cartas en el asunto",Aseo y Ornato
"sr. alcalde, el local que abrieron en calle Ignacio Carrera Pinto pone musica hasta muy tarde y creo q no tiene patente para funcionar asi. Quedo atento a una respuesta",Permisos y Patentes Comerciales
"hay un negocio por el puente que hace fiestas clandestinas los fines de semana, con musica fuerte y venta de alcohol sin permiso. Ya no sabemos a quien mas recurrir!!",Permisos y Patentes Comerciales
"llevamos 3 dias esperando que repongan el pavimento de calle Balmaceda, quedo puro hoyo despues de las obras del alcantarillado. Ya no sabemos a quien mas recurrir",Vialidad y Pavimentación
necesitamos urgente una camara de seguridad en la esquina de Los Almendros porque ahi asaltaron a dos personas esta semana. Porfavor tomen cartas en el asunto.,Seguridad Ciudadana
los vecinos del sector poniente llevamos bastante tiempo pidiendo que manden a limpiar el canal que esta lleno de basura y da mal olor.,Aseo y Ornato
"hola, el paso peatonal frente al colegio del sector oriente esta borrado hace tiempo y los autos no respetan a los ninos que cruzan. Porfavor tomen cartas en el asunto.",Vialidad y Pavimentación
"hace mas de 20 dias que las areas verdes de Poblacion San Rafael no se les pasa la maquina, el pasto esta altisimo y se esconden roedores. Quedo atento a una respuesta.",Áreas Verdes
"quiero reclamar xq las luces de la plaza de Poblacion El Bosque nunca las prenden aunque este oscuro, parece que el sensor esta malo. Quedo atento a una respuesta",Alumbrado Público
los vecinos del sector norte llevamos varios meses pidiendo que manden a limpiar el canal que esta lleno de basura y da mal olor. Gracias de antemano.,Aseo y Ornato
"el juego de resbalin de la plaza del sector oriente esta oxidado y con el fierro filoso, ya casi corta a un nino. Quedo atento a una respuesta.",Áreas Verdes
"en la Poblacion Vista Hermosa la plaza esta abandonada, el pasto crecido, los arbustos sin podar y da la sensacion de que a nadie le importa. Saludos!!",Áreas Verdes
"hola municipio, el pasto de la plaza de Poblacion Vista Hermosa no lo cortan hace 3 dias, ya esta enorme y se esconden ahi los perros vagos. Quedo atento a una respuesta.",Áreas Verdes
"buenos dias, en la plaza de Poblacion Los Heroes se juntan a beber y a pelear todas las noches, los vecinos tenemos miedo de salir. Espero una pronta solucion.",Seguridad Ciudadana
"Buenos dias, el kiosco del sector poniente crecio y ahora ocupa media vereda con mesas, sin permiso municipal para eso segun tengo entendido. Ya no sabemos a quien mas recurrir.",Permisos y Patentes Comerciales
"los juegos infantiles de la plaza Poblacion Los Heroes estan todos oxidados y rotos, mi hija se corto con un fierro el otro dia. Saludos.",Áreas Verdes
"Buenos dias, pedimos mas rondas de carabineros para Villa Portales porque hace mas de 20 dias hubo dos asaltos en la misma cuadra. Ya no sabemos a quien mas recurrir.",Seguridad Ciudadana
"buenos dias, hay un colchon y varios muebles viejos botados hace un mes frente a la iglesia, porfavor manden a retirarlos. Saludos",Aseo y Ornato
"hay comercio ambulante instalado hace 10 dias atras del colegio sin ningun permiso, ocupan toda la vereda y no dejan pasar a la gente. Espero puedan solucionarlo pronto, gracias.",Permisos y Patentes Comerciales
"Hola municipio, quiero denunciar que cerca de la plaza la gente bota escombros de construccion ilegalmente y ya se hizo un basural enorme. Ojala le puedan poner atencion a esto!!",Aseo y Ornato
"hay un galpon en Poblacion Los Heroes que funciona como bodega sin permiso de funcionamiento, ademas genera mucho ruido de camiones en la noche. Muchas gracias por su tiempo.",Permisos y Patentes Comerciales
"cerca del paradero hay un perro muerto en la calle hace como un par de semanas y nadie lo ha retirado, da mucho asco y hay moscas por todos lados. Ojala le puedan poner atencion a esto.",Aseo y Ornato
"hace mas de un mes que las areas verdes de Poblacion El Progreso no se les pasa la maquina, el pasto esta altisimo y se esconden roedores. Ojala le puedan poner atencion a esto.",Áreas Verdes
"hace falta un lomo de toro urgente en calle Yungay por el puente, los autos pasan como si fuera autopista y ya casi atropellan a un vecino. Espero una pronta solucion",Vialidad y Pavimentación
"estimados, el sistema de riego de la plaza de calle Santa Rosa lleva un mes malo y las plantas se estan secando todas. Quedo atento a una respuesta",Áreas Verdes
"buenos dias, pedimos hace varias semanas que planten mas arboles en calle Bernardo O'Higgins porque en verano hace un calor insoportable sin sombra.",Áreas Verdes
"reclamo xq instalaron una discoteca improvisada en una casa de calle Pedro de Valdivia, cobran entrada y no creo que tengan patente para eso. Ya no sabemos a quien mas recurrir.",Permisos y Patentes Comerciales
"quiero saber pq el local de calle Vicuna Mackenna sigue abierto si los vecinos ya denunciamos que no tiene patente comercial vigente. Espero puedan solucionarlo pronto, gracias.",Permisos y Patentes Comerciales
"necesitamos urgente una camara de seguridad en la esquina de El Roble porque ahi asaltaron a dos personas esta semana. Espero puedan solucionarlo pronto, gracias!!",Seguridad Ciudadana
hace un mes que reclamamos por el negocio de comida de Poblacion San Rafael que funciona sin resolucion sanitaria y bota olores fuertes. Ya no sabemos a quien mas recurrir!!,Permisos y Patentes Comerciales
"Hola municipio, pedimos mas rondas de carabineros para Poblacion Cordillera porque hace varios meses hubo dos asaltos en la misma cuadra. Quedo atento a una respuesta",Seguridad Ciudadana
"Buenas tardes, el restaurant del centro boto sus desechos a la calle de nuevo, ademas dudo que tenga los permisos sanitarios al dia. Porfavor tomen cartas en el asunto.",Permisos y Patentes Comerciales
"atras del colegio el agua de lluvia se acumula en la calle y forma una laguna enorme porque no hay rejillas de desague. Espero puedan solucionarlo pronto, gracias.",Vialidad y Pavimentación
cerca del jardin infantil el agua de lluvia se acumula en la calle y forma una laguna enorme porque no hay rejillas de desague.,Vialidad y Pavimentación
"quiero denunciar que en calle Las Acacias hay una casa que parece un punto de venta de drogas, entra y sale gente a toda hora. Espero puedan solucionarlo pronto, gracias.",Seguridad Ciudadana
"el alumbrado publico de la cancha de Poblacion Nueva Amanecer no sirve, los ninos que juegan de noche no ven nada y se pueden accidentar. Espero puedan solucionarlo pronto, gracias.",Alumbrado Público
"hace un mes que un grupo de encapuchados anda rondando por calle Simon Bolivar, varios vecinos ya llamaron a carabineros pero no llegan a tiempo. Espero una pronta solucion",Seguridad Ciudadana
necesitamos urgente una camara de seguridad en la esquina de Las Torres porque ahi asaltaron a dos personas esta semana. Gracias de antemano.,Seguridad Ciudadana
"los tachos de basura de la plaza de Villa Portales estan quebrados y el pasto lleno de vidrios, es peligroso para los ninos que andan descalzos. Espero una pronta solucion.",Áreas Verdes
"Hola, reclamo pq las luminarias nuevas que pusieron en calle Ignacio Carrera Pinto quedaron mal instaladas y se apagan solas cada rato.",Alumbrado Público
"estimados, reclamo pq las luminarias nuevas que pusieron en calle Los Aromos quedaron mal instaladas y se apagan solas cada rato.",Alumbrado Público
atras del colegio el agua de lluvia se acumula en la calle y forma una laguna enorme porque no hay rejillas de desague. Porfavor tomen cartas en el asunto.,Vialidad y Pavimentación
"quiero reclamar xq las luces de la plaza de Poblacion Cordillera nunca las prenden aunque este oscuro, parece que el sensor esta malo. Espero puedan solucionarlo pronto, gracias",Alumbrado Público
hace mas de 20 dias que el poste de la esquina de Simon Bolivar esta apagado y justo ahi es donde han asaltado a dos vecinos ultimamente. Ya no sabemos a quien mas recurrir!!,Alumbrado Público
"el pavimento de calle Padre Hurtado esta totalmente destrozado, cada vez q llueve se llena de agua y no se puede pasar. Gracias de antemano",Vialidad y Pavimentación
quiero reclamar xq dejaron la calle Las Encinas abierta despues de un arreglo de agua potable hace 20 dias y no la han vuelto a pavimentar. Gracias de antemano.,Vialidad y Pavimentación
"el poste que esta frente a mi casa en calle Vicuna Mackenna tiene la luz encendida todo el dia y de noche se apaga, esta al reves. Porfavor tomen cartas en el asunto",Alumbrado Público
"Buenas tardes, el bar que esta cerca de mi casa en Villa Esperanza hace un ruido tremendo todos los fines de semana hasta el amanecer. Gracias de antemano",Permisos y Patentes Comerciales
"asaltaron a un vecino a mano armada en la esquina de Las Rosas hace varias semanas, necesitamos mas presencia policial urgente. Espero una pronta solucion",Seguridad Ciudadana
"Buen dia, el semaforo de la esquina de El Roble con la principal lleva una semana malo y esta generando tacos y accidentes. Gracias de antemano",Vialidad y Pavimentación
"la plaza de la cuadra de la plaza quedo destruida despues de una fiesta del fin de semana, rompieron bancas y plantas, hay q reponer todo. Porfavor tomen cartas en el asunto.",Áreas Verdes
"hola, necesitamos urgente mas iluminacion atras del colegio porque en la noche no se ve nada y da temor para las senoras que llegan solas. Porfavor tomen cartas en el asunto.",Alumbrado Público
"hay un cable colgando de un poste por el puente que parece que es de la luz de la calle, da miedo que le pase algo a alguien!!",Alumbrado Público
"estimados, quiero saber si el negocio nuevo del sector norte cuenta con patente de alcoholes, porque vende cerveza a toda hora incluso de madrugada. Porfavor tomen cartas en el asunto.",Permisos y Patentes Comerciales
"se cayo una rama enorme de un arbol en la plaza del pasaje de atras y quedo bloqueando la entrada, es peligroso para los ninos que juegan ahi. Porfavor tomen cartas en el asunto.",Áreas Verdes
"sr. alcalde, hay actos de vandalismo constantes en Villa Los Alerces, rayan las casas y rompen los vidrios de los autos estacionados. Ojala le puedan poner atencion a esto",Seguridad Ciudadana
"hola, en la Villa Portales hay un microbasural enorme que se esta formando en el sitio eriazo, la gente sigue tirando basura y nadie hace nada. Espero puedan solucionarlo pronto, gracias",Aseo y Ornato
"el pavimento de calle Los Aromos esta totalmente destrozado, cada vez q llueve se llena de agua y no se puede pasar. Porfavor tomen cartas en el asunto.",Vialidad y Pavimentación
"el sitio eriazo de calle Bernardo O'Higgins se ha convertido en un foco de delincuencia, de noche se juntan a robar y a consumir. Espero puedan solucionarlo pronto, gracias",Seguridad Ciudadana
"Buenas tardes, hay actos de vandalismo constantes en Poblacion Santa Elena, rayan las casas y rompen los vidrios de los autos estacionados. Quedo atento a una respuesta.",Seguridad Ciudadana
"hola, el bar que esta cerca de mi casa en Poblacion El Bosque hace un ruido tremendo todos los fines de semana hasta el amanecer. Espero puedan solucionarlo pronto, gracias",Permisos y Patentes Comerciales
"buen dia, hay un poste de luz que quedo torcido en medio de la vereda de Los Jazmines despues q un auto lo choco, es un peligro para los peatones. Muchas gracias por su tiempo",Vialidad y Pavimentación
necesitamos urgente una camara de seguridad en la esquina de Los Naranjos porque ahi asaltaron a dos personas esta semana. Ojala le puedan poner atencion a esto!!,Seguridad Ciudadana
"el poste que esta frente a mi casa en calle Manuel Rodriguez tiene la luz encendida todo el dia y de noche se apaga, esta al reves.",Alumbrado Público
"llevamos casi 2 semanas esperando que repongan el pavimento de calle Ignacio Carrera Pinto, quedo puro hoyo despues de las obras del alcantarillado. Saludos!!",Vialidad y Pavimentación
"el foco de la esquina de mi casa en Los Aromos esta quemado hace casi 2 semanas, ya avise antes y nadie ha venido a cambiarlo. Ya no sabemos a quien mas recurrir!!",Alumbrado Público
los camiones recolectores estan pasando en la madrugada y hacen un escandalo terrible ademas dejan tarros de basura botados en la calle San Martin. Gracias de antemano!!,Aseo y Ornato
"hola municipio, hay un hoyo enorme en calle Colon cerca del paradero que ya provoco que un auto se pinchara, es peligroso porfavor arreglenlo. Ojala le puedan poner atencion a esto!!",Vialidad y Pavimentación
"Sr. alcalde, pedimos mas rondas de carabineros para Poblacion Cordillera porque hace 10 dias hubo dos asaltos en la misma cuadra. Gracias de antemano.",Seguridad Ciudadana
"el poste que esta frente a mi casa en calle Balmaceda tiene la luz encendida todo el dia y de noche se apaga, esta al reves. Porfavor tomen cartas en el asunto.",Alumbrado Público
"Buen dia, necesitamos urgente mas iluminacion al lado de la sede vecinal porque en la noche no se ve nada y da temor para las senoras que llegan solas. Quedo atento a una respuesta.",Alumbrado Público
"hace 10 dias que no riegan las areas verdes de calle Diego Portales, todo el pasto se esta secando y los arboles nuevos se van a morir. Ya no sabemos a quien mas recurrir",Áreas Verdes
"los tachos de basura de la plaza de Villa Portales estan quebrados y el pasto lleno de vidrios, es peligroso para los ninos que andan descalzos. Espero puedan solucionarlo pronto, gracias.",Áreas Verdes
"el sitio eriazo de calle Las Encinas se ha convertido en un foco de delincuencia, de noche se juntan a robar y a consumir. Ya no sabemos a quien mas recurrir.",Seguridad Ciudadana
"se cayo una rama enorme de un arbol en la plaza del centro y quedo bloqueando la entrada, es peligroso para los ninos que juegan ahi. Saludos.",Áreas Verdes
"el pavimento de calle Bernardo O'Higgins esta totalmente destrozado, cada vez q llueve se llena de agua y no se puede pasar. Ojala le puedan poner atencion a esto.",Vialidad y Pavimentación
"Hola, el local que abrieron en calle Freire pone musica hasta muy tarde y creo q no tiene patente para funcionar asi. Espero puedan solucionarlo pronto, gracias",Permisos y Patentes Comerciales
"reclamo xq instalaron una discoteca improvisada en una casa de calle Los Alerces, cobran entrada y no creo que tengan patente para eso. Ojala le puedan poner atencion a esto.",Permisos y Patentes Comerciales
"nadie barre las veredas de Villa El Retiro hace bastante tiempo, esta lleno de hojas y tierra, se ve muy descuidado el sector. Gracias de antemano",Aseo y Ornato
"Hola, el pasto de la plaza de Villa Las Nieves no lo cortan hace 10 dias, ya esta enorme y se esconden ahi los perros vagos. Ya no sabemos a quien mas recurrir.",Áreas Verdes
"buenas tardes, el semaforo de la esquina de Las Acacias con la principal lleva mas de 20 dias malo y esta generando tacos y accidentes. Ya no sabemos a quien mas recurrir",Vialidad y Pavimentación
"en la Villa El Retiro la plaza esta abandonada, el pasto crecido, los arbustos sin podar y da la sensacion de que a nadie le importa. Espero una pronta solucion.",Áreas Verdes
"Hola, llevamos 10 dias sin luz en todo el pasaje de calle Ignacio Carrera Pinto, ya reclamamos por telefono y no ha pasado nada. Gracias de antemano",Alumbrado Público
"el sitio eriazo de calle Los Naranjos se ha convertido en un foco de delincuencia, de noche se juntan a robar y a consumir. Ojala le puedan poner atencion a esto.",Seguridad Ciudadana
"buenos dias, pedimos mas rondas de carabineros para Villa Portales porque hace casi 2 semanas hubo dos asaltos en la misma cuadra.",Seguridad Ciudadana
"buen dia, el pasto y la maleza de la vereda en calle San Martin ya casi tapan la calzada, ademas hay bastante basura acumulada. Ojala le puedan poner atencion a esto.",Aseo y Ornato
"Buenos dias, el pasto de la plaza de Poblacion Vista Hermosa no lo cortan hace casi 2 semanas, ya esta enorme y se esconden ahi los perros vagos. Porfavor tomen cartas en el asunto.",Áreas Verdes
en Poblacion El Bosque hay varios postes sin luz y de noche los delincuentes aprovechan la oscuridad para hacer de las suyas. Porfavor tomen cartas en el asunto,Alumbrado Público
"hace casi 2 semanas que no retiran los escombros que dejaron en la vereda de calle Los Aromos, cerca del paradero, y estan estorbando el paso de la gente. Porfavor tomen cartas en el asunto",Aseo y Ornato
"buen dia, hace mas de 20 dias que no riegan las areas verdes de calle Las Encinas, todo el pasto se esta secando y los arboles nuevos se van a morir.",Áreas Verdes
"las papeleras de calle Freire estan todas rotas y no las han cambiado, por eso la gente tira la basura directo al suelo. Ojala le puedan poner atencion a esto.",Aseo y Ornato
"hay un grupo que se junta a consumir drogas todas las noches en la esquina de calle Manuel Rodriguez, los vecinos ya no sabemos que hacer. Espero puedan solucionarlo pronto, gracias.",Seguridad Ciudadana
"hola municipio, anoche entraron a robar a una casa de Poblacion 18 de Septiembre, ya es la tercera esta semana y nadie hace rondas por aca. Espero puedan solucionarlo pronto, gracias.",Seguridad Ciudadana
"hace falta un lomo de toro urgente en calle Vicuna Mackenna cerca de la plaza, los autos pasan como si fuera autopista y ya casi atropellan a un vecino. Porfavor tomen cartas en el asunto.",Vialidad y Pavimentación
"en la plaza de Poblacion 18 de Septiembre los columpios estan quebrados hace tiempo y los ninos igual los usan, alguien se puede lesionar. Gracias de antemano.",Áreas Verdes
los camiones recolectores estan pasando en la madrugada y hacen un escandalo terrible ademas dejan tarros de basura botados en la calle Las Acacias. Saludos,Aseo y Ornato
"Buen dia, quiero saber si el negocio nuevo del sector oriente cuenta con patente de alcoholes, porque vende cerveza a toda hora incluso de madrugada. Gracias de antemano",Permisos y Patentes Comerciales
quiero reclamar xq dejaron la calle Los Aromos abierta despues de un arreglo de agua potable hace 20 dias y no la han vuelto a pavimentar.,Vialidad y Pavimentación
"estimados, el pasto y la maleza de la vereda en calle Colon ya casi tapan la calzada, ademas hay bastante basura acumulada. Ya no sabemos a quien mas recurrir",Aseo y Ornato
"nadie barre las veredas de Villa Los Pinos hace 20 dias, esta lleno de hojas y tierra, se ve muy descuidado el sector. Ojala le puedan poner atencion a esto.",Aseo y Ornato
"Hola municipio, hay un poste de luz que quedo torcido en medio de la vereda de Padre Hurtado despues q un auto lo choco, es un peligro para los peatones. Muchas gracias por su tiempo!!",Vialidad y Pavimentación
hicieron una rayado (graffiti) horrible en el muro de la sede social de Poblacion El Bosque y ya lleva varias semanas sin que lo limpien. Porfavor tomen cartas en el asunto,Aseo y Ornato
quiero reclamar xq dejaron la calle Padre Hurtado abierta despues de un arreglo de agua potable hace mas de 20 dias y no la han vuelto a pavimentar. Ya no sabemos a quien mas recurrir.,Vialidad y Pavimentación
"la vereda de calle Los Naranjos esta rota hace mas de un mes, las senoras con coche de guagua tienen q bajarse a la calle para pasar!!",Vialidad y Pavimentación
"buenas tardes, reclamo pq las luminarias nuevas que pusieron en calle Circunvalacion quedaron mal instaladas y se apagan solas cada rato. Espero una pronta solucion!!",Alumbrado Público
"quiero denunciar un taller mecanico en calle Los Almendros que funciona en la via publica sin patente comercial, dejan aceite tirado en la calle. Quedo atento a una respuesta",Permisos y Patentes Comerciales
en Poblacion Santa Elena hay varios postes sin luz y de noche los delincuentes aprovechan la oscuridad para hacer de las suyas. Ya no sabemos a quien mas recurrir.,Alumbrado Público
"el sitio eriazo de calle Errazuriz se ha convertido en un foco de delincuencia, de noche se juntan a robar y a consumir. Ya no sabemos a quien mas recurrir!!",Seguridad Ciudadana
"estimados, el bar que esta cerca de mi casa en Villa El Trebol hace un ruido tremendo todos los fines de semana hasta el amanecer. Quedo atento a una respuesta.",Permisos y Patentes Comerciales
"estimados, el poste de calle Las Torres quedo colgando despues de un choque hace un mes y nadie lo ha venido a reparar, es peligroso. Gracias de antemano",Alumbrado Público
"hace falta un lomo de toro urgente en calle Manuel Rodriguez cerca de la plaza, los autos pasan como si fuera autopista y ya casi atropellan a un vecino. Espero una pronta solucion",Vialidad y Pavimentación
quiero reclamar xq dejaron la calle Diego Portales abierta despues de un arreglo de agua potable hace mas de 20 dias y no la han vuelto a pavimentar. Ojala le puedan poner atencion a esto.,Vialidad y Pavimentación
"el juego de resbalin de la plaza del sector sur esta oxidado y con el fierro filoso, ya casi corta a un nino. Espero puedan solucionarlo pronto, gracias",Áreas Verdes
hicieron una rayado (graffiti) horrible en el muro de la sede social de Villa Los Pinos y ya lleva mas de 20 dias sin que lo limpien.,Aseo y Ornato
"hay un cable colgando de un poste por el puente que parece que es de la luz de la calle, da miedo que le pase algo a alguien. Espero una pronta solucion.",Alumbrado Público
"hay un negocio en la esquina que hace fiestas clandestinas los fines de semana, con musica fuerte y venta de alcohol sin permiso. Quedo atento a una respuesta.",Permisos y Patentes Comerciales
"Buenas tardes, quiero denunciar que atras del colegio la gente bota escombros de construccion ilegalmente y ya se hizo un basural enorme. Ojala le puedan poner atencion a esto!!",Aseo y Ornato
"buenas tardes, en la esquina han aumentado mucho los robos ultimamente, hace bastante tiempo le robaron a un vecino en la puerta de su casa.",Seguridad Ciudadana
"Buenas tardes, hace un mes que no riegan las areas verdes de calle Los Alamos, todo el pasto se esta secando y los arboles nuevos se van a morir. Porfavor tomen cartas en el asunto",Áreas Verdes
"en la plaza de Villa Los Alerces hay ratones porque la gente deja bolsas de basura en la reja del parque, esto es un peligro para los ninos. Espero una pronta solucion!!",Aseo y Ornato
"hace tiempo que pedimos mas alumbrado en el pasaje de Poblacion Los Heroes, esta todo oscuro y varias vecinas tienen miedo de volver de noche. Espero puedan solucionarlo pronto, gracias!!",Alumbrado Público
"en la esquina de Las Torres instalaron un carrito de comida sin ningun permiso, ademas deja toda la vereda sucia. Espero una pronta solucion.",Permisos y Patentes Comerciales
"Hola, quiero saber si el negocio nuevo de la cuadra de la plaza cuenta con patente de alcoholes, porque vende cerveza a toda hora incluso de madrugada. Gracias de antemano.",Permisos y Patentes Comerciales
"en la plaza de Villa Sol Naciente se juntan a beber y a pelear todas las noches, los vecinos tenemos miedo de salir. Porfavor tomen cartas en el asunto",Seguridad Ciudadana
"nadie barre las veredas de Poblacion Nueva Amanecer hace mas de un mes, esta lleno de hojas y tierra, se ve muy descuidado el sector. Ojala le puedan poner atencion a esto.",Aseo y Ornato
hicieron una rayado (graffiti) horrible en el muro de la sede social de Villa Las Nieves y ya lleva 20 dias sin que lo limpien.,Aseo y Ornato
"en la esquina de Ignacio Carrera Pinto instalaron un carrito de comida sin ningun permiso, ademas deja toda la vereda sucia. Ya no sabemos a quien mas recurrir",Permisos y Patentes Comerciales
"estimados, necesitamos urgente mas iluminacion al fondo del pasaje porque en la noche no se ve nada y da temor para las senoras que llegan solas. Quedo atento a una respuesta.",Alumbrado Público
"sr. alcalde, el restaurant de la esquina boto sus desechos a la calle de nuevo, ademas dudo que tenga los permisos sanitarios al dia. Gracias de antemano.",Permisos y Patentes Comerciales
"hay un colchon y varios muebles viejos botados hace varias semanas cerca del jardin infantil, porfavor manden a retirarlos.",Aseo y Ornato
"asaltaron a un vecino a mano armada en la esquina de Arturo Prat hace bastante tiempo, necesitamos mas presencia policial urgente. Porfavor tomen cartas en el asunto.",Seguridad Ciudadana
al lado de la sede vecinal el agua de lluvia se acumula en la calle y forma una laguna enorme porque no hay rejillas de desague. Muchas gracias por su tiempo,Vialidad y Pavimentación
hace 10 dias que reclamamos por el negocio de comida de Poblacion Vista Hermosa que funciona sin resolucion sanitaria y bota olores fuertes. Quedo atento a una respuesta.,Permisos y Patentes Comerciales
"Buenas tardes, en la Villa Los Pinos hay un microbasural enorme que se esta formando en el sitio eriazo, la gente sigue tirando basura y nadie hace nada.",Aseo y Ornato
"el pavimento de calle Yungay esta totalmente destrozado, cada vez q llueve se llena de agua y no se puede pasar. Porfavor tomen cartas en el asunto.",Vialidad y Pavimentación
"hay un olor a podrido terrible frente al almacen de la esquina, creo que es por la basura que se acumula en el sitio baldio de al lado. Ojala le puedan poner atencion a esto.",Aseo y Ornato
"buenos dias, vengo a reclamar xq el camion recolector paso y dejo la mitad de la basura tirada en la calle Los Jazmines, quedo un desastre. Espero una pronta solucion",Aseo y Ornato
"hace un par de semanas que no retiran los escombros que dejaron en la vereda de calle Bernardo O'Higgins, por el puente, y estan estorbando el paso de la gente. Gracias de antemano!!",Aseo y Ornato
las rejillas de aguas lluvias de calle Arturo Prat estan tapadas y cuando llueve se inunda toda la cuadra. Ojala le puedan poner atencion a esto.,Vialidad y Pavimentación
"Estimados, el restaurant del centro boto sus desechos a la calle de nuevo, ademas dudo que tenga los permisos sanitarios al dia. Muchas gracias por su tiempo",Permisos y Patentes Comerciales
quiero reclamar xq dejaron la calle Circunvalacion abierta despues de un arreglo de agua potable hace 3 dias y no la han vuelto a pavimentar!!,Vialidad y Pavimentación
"hay un olor a podrido terrible cerca del jardin infantil, creo que es por la basura que se acumula en el sitio baldio de al lado. Saludos",Aseo y Ornato
"en la plaza de Poblacion Nueva Amanecer los columpios estan quebrados hace tiempo y los ninos igual los usan, alguien se puede lesionar. Ya no sabemos a quien mas recurrir.",Áreas Verdes
"Estimados, el paso peatonal frente al colegio de la esquina esta borrado hace tiempo y los autos no respetan a los ninos que cruzan. Ya no sabemos a quien mas recurrir.",Vialidad y Pavimentación
hace varias semanas que reclamamos por el negocio de comida de Villa Esperanza que funciona sin resolucion sanitaria y bota olores fuertes.,Permisos y Patentes Comerciales
"el sitio eriazo de calle Las Encinas se ha convertido en un foco de delincuencia, de noche se juntan a robar y a consumir. Gracias de antemano",Seguridad Ciudadana
"buenas tardes, vengo a reclamar xq el camion recolector paso y dejo la mitad de la basura tirada en la calle El Bosque, quedo un desastre. Ojala le puedan poner atencion a esto",Aseo y Ornato
quiero saber pq el local de calle Colon sigue abierto si los vecinos ya denunciamos que no tiene patente comercial vigente. Quedo atento a una respuesta.,Permisos y Patentes Comerciales
"los basureros publicos de la plaza de Villa El Retiro estan quebrados y llenos de basura desbordada, alguien tiene q ir a limpiar urgente. Ojala le puedan poner atencion a esto.",Aseo y Ornato
las rejillas de aguas lluvias de calle El Roble estan tapadas y cuando llueve se inunda toda la cuadra.,Vialidad y Pavimentación
"Buenos dias, quiero saber si el negocio nuevo de la esquina cuenta con patente de alcoholes, porque vende cerveza a toda hora incluso de madrugada. Saludos",Permisos y Patentes Comerciales
"quiero reclamar xq cortaron mal los arboles de la plaza del sector poniente y quedaron puros palos pelados, se ve horrible. Espero una pronta solucion.",Áreas Verdes
"hace varias semanas que un grupo de encapuchados anda rondando por calle Errazuriz, varios vecinos ya llamaron a carabineros pero no llegan a tiempo. Saludos",Seguridad Ciudadana
los camiones recolectores estan pasando en la madrugada y hacen un escandalo terrible ademas dejan tarros de basura botados en la calle Simon Bolivar. Ya no sabemos a quien mas recurrir.,Aseo y Ornato
"hace mas de 20 dias que las areas verdes de Villa El Trebol no se les pasa la maquina, el pasto esta altisimo y se esconden roedores. Muchas gracias por su tiempo",Áreas Verdes
"Buenos dias, llevamos mas de un mes sin luz en todo el pasaje de calle Las Acacias, ya reclamamos por telefono y no ha pasado nada. Muchas gracias por su tiempo.",Alumbrado Público
"el pasto de la plaza de Poblacion 18 de Septiembre no lo cortan hace un par de semanas, ya esta enorme y se esconden ahi los perros vagos. Ya no sabemos a quien mas recurrir.",Áreas Verdes
los postes de luz del sector sur se apagan como a las 11 de la noche y quedamos completamente a oscuras hasta el otro dia.,Alumbrado Público
"en la Villa El Trebol varios postes no tienen ampolleta hace casi 2 semanas, de noche es imposible ver por donde uno camina. Ojala le puedan poner atencion a esto!!",Alumbrado Público
"buenos dias, llevamos 10 dias sin luz en todo el pasaje de calle Bernardo O'Higgins, ya reclamamos por telefono y no ha pasado nada. Ojala le puedan poner atencion a esto.",Alumbrado Público
"quiero reclamar xq cortaron mal los arboles de la plaza del sector oriente y quedaron puros palos pelados, se ve horrible. Espero puedan solucionarlo pronto, gracias.",Áreas Verdes
"hace una semana que el poste de la esquina de Colon esta apagado y justo ahi es donde han asaltado a dos vecinos ultimamente. Espero puedan solucionarlo pronto, gracias",Alumbrado Público
"quiero denunciar un taller mecanico en calle Errazuriz que funciona en la via publica sin patente comercial, dejan aceite tirado en la calle. Saludos.",Permisos y Patentes Comerciales
"buenas tardes, hay un colchon y varios muebles viejos botados hace una semana al lado de la sede vecinal, porfavor manden a retirarlos.",Aseo y Ornato
"los tachos de basura de la plaza de Villa El Retiro estan quebrados y el pasto lleno de vidrios, es peligroso para los ninos que andan descalzos. Ojala le puedan poner atencion a esto.",Áreas Verdes
reclamo xq el semaforo peatonal del sector poniente no funciona hace 3 dias y es my peligroso cruzar ahi. Porfavor tomen cartas en el asunto.,Vialidad y Pavimentación
"reclamo xq el furgon de seguridad municipal ya no pasa por el sector norte como antes, y justo ahora es cuando mas robos hay. Gracias de antemano",Seguridad Ciudadana
"quiero reclamar xq las luces de la plaza de Poblacion Santa Elena nunca las prenden aunque este oscuro, parece que el sensor esta malo. Gracias de antemano",Alumbrado Público
hace mas de 20 dias que el poste de la esquina de Los Almendros esta apagado y justo ahi es donde han asaltado a dos vecinos ultimamente. Ojala le puedan poner atencion a esto,Alumbrado Público
"en la plaza de Villa El Trebol los columpios estan quebrados hace tiempo y los ninos igual los usan, alguien se puede lesionar. Espero puedan solucionarlo pronto, gracias.",Áreas Verdes
hicieron una rayado (graffiti) horrible en el muro de la sede social de Poblacion Cordillera y ya lleva 3 dias sin que lo limpien. Ojala le puedan poner atencion a esto.,Aseo y Ornato
"se cayo una rama enorme de un arbol en la plaza del sector oriente y quedo bloqueando la entrada, es peligroso para los ninos que juegan ahi. Espero puedan solucionarlo pronto, gracias.",Áreas Verdes
"hola municipio, en la Villa El Mirador hay un microbasural enorme que se esta formando en el sitio eriazo, la gente sigue tirando basura y nadie hace nada. Porfavor tomen cartas en el asunto.",Aseo y Ornato
los vecinos de la cuadra de la plaza llevamos un mes pidiendo que manden a limpiar el canal que esta lleno de basura y da mal olor. Ya no sabemos a quien mas recurrir!!,Aseo y Ornato
"quiero denunciar que en calle El Roble hay una casa que parece un punto de venta de drogas, entra y sale gente a toda hora. Quedo atento a una respuesta",Seguridad Ciudadana
"el pavimento de calle Los Castanos esta totalmente destrozado, cada vez q llueve se llena de agua y no se puede pasar.",Vialidad y Pavimentación
"quiero reclamar xq no hay camaras de seguridad cerca de la cancha y ahi es donde mas robos se producen segun los vecinos. Espero puedan solucionarlo pronto, gracias.",Seguridad Ciudadana
"estimados, hay actos de vandalismo constantes en Poblacion Vista Hermosa, rayan las casas y rompen los vidrios de los autos estacionados. Porfavor tomen cartas en el asunto!!",Seguridad Ciudadana
en Poblacion Los Heroes hay varios postes sin luz y de noche los delincuentes aprovechan la oscuridad para hacer de las suyas. Ojala le puedan poner atencion a esto.,Alumbrado Público
los camiones recolectores estan pasando en la madrugada y hacen un escandalo terrible ademas dejan tarros de basura botados en la calle O'Higgins. Muchas gracias por su tiempo,Aseo y Ornato
"reclamo xq el furgon de seguridad municipal ya no pasa por la villa de al lado como antes, y justo ahora es cuando mas robos hay.",Seguridad Ciudadana
"quiero reclamar xq las luces de la plaza de Villa Esperanza nunca las prenden aunque este oscuro, parece que el sensor esta malo. Saludos!!",Alumbrado Público
"quiero reclamar por el aseo de calle Simon Bolivar, esta lleno de colillas, papeles y basura, y el barrendero no pasa hace tiempo. Gracias de antemano",Aseo y Ornato
"hay un olor a podrido terrible cerca del paradero, creo que es por la basura que se acumula en el sitio baldio de al lado. Porfavor tomen cartas en el asunto!!",Aseo y Ornato
cerca de la plaza el agua de lluvia se acumula en la calle y forma una laguna enorme porque no hay rejillas de desague. Porfavor tomen cartas en el asunto.,Vialidad y Pavimentación
"Hola, el sistema de riego de la plaza de calle Las Rosas lleva varias semanas malo y las plantas se estan secando todas. Muchas gracias por su tiempo.",Áreas Verdes
"hola municipio, el poste de calle Las Torres quedo colgando despues de un choque hace mas de 20 dias y nadie lo ha venido a reparar, es peligroso. Saludos!!",Alumbrado Público
los vecinos del pasaje de atras llevamos mas de un mes pidiendo que manden a limpiar el canal que esta lleno de basura y da mal olor. Ya no sabemos a quien mas recurrir.,Aseo y Ornato
"el pavimento de calle Pedro de Valdivia esta totalmente destrozado, cada vez q llueve se llena de agua y no se puede pasar. Espero una pronta solucion.",Vialidad y Pavimentación
"hola municipio, hay un colchon y varios muebles viejos botados hace 20 dias en la esquina, porfavor manden a retirarlos. Saludos",Aseo y Ornato
"en la plaza de Villa El Mirador hay ratones porque la gente deja bolsas de basura en la reja del parque, esto es un peligro para los ninos. Saludos.",Aseo y Ornato
"el foco de la esquina de mi casa en Las Dalias esta quemado hace un par de semanas, ya avise antes y nadie ha venido a cambiarlo. Muchas gracias por su tiempo.",Alumbrado Público
"quiero denunciar un taller mecanico en calle O'Higgins que funciona en la via publica sin patente comercial, dejan aceite tirado en la calle. Saludos",Permisos y Patentes Comerciales
"hay un galpon en Poblacion Nueva Amanecer que funciona como bodega sin permiso de funcionamiento, ademas genera mucho ruido de camiones en la noche. Gracias de antemano.",Permisos y Patentes Comerciales
"hay un galpon en Poblacion Nueva Amanecer que funciona como bodega sin permiso de funcionamiento, ademas genera mucho ruido de camiones en la noche. Espero puedan solucionarlo pronto, gracias!!",Permisos y Patentes Comerciales
"vengo a reclamar xq el camion recolector paso y dejo la mitad de la basura tirada en la calle Los Jazmines, quedo un desastre. Ojala le puedan poner atencion a esto.",Aseo y Ornato
"los juegos infantiles de la plaza Villa El Mirador estan todos oxidados y rotos, mi hija se corto con un fierro el otro dia. Espero una pronta solucion!!",Áreas Verdes
"quiero denunciar un taller mecanico en calle Los Alerces que funciona en la via publica sin patente comercial, dejan aceite tirado en la calle. Ojala le puedan poner atencion a esto",Permisos y Patentes Comerciales
el local nocturno de calle Padre Hurtado sigue funcionando pasada la hora permitida y los vecinos no podemos dormir por el bullicio. Gracias de antemano.,Permisos y Patentes Comerciales
hace una semana que el poste de la esquina de Las Encinas esta apagado y justo ahi es donde han asaltado a dos vecinos ultimamente. Espero una pronta solucion!!,Alumbrado Público
"en Poblacion Vista Hermosa las calles de tierra se llenan de barro cuando llueve, ya no se puede ni caminar, necesitamos pavimentacion urgente. Quedo atento a una respuesta.",Vialidad y Pavimentación
"buenos dias, necesitamos que poden los arboles de calle Balmaceda porque las ramas ya estan tocando los cables de luz.",Áreas Verdes
en Villa Esperanza hay varios postes sin luz y de noche los delincuentes aprovechan la oscuridad para hacer de las suyas. Porfavor tomen cartas en el asunto,Alumbrado Público
hicieron una rayado (graffiti) horrible en el muro de la sede social de Villa Los Pinos y ya lleva un par de semanas sin que lo limpien. Gracias de antemano.,Aseo y Ornato
"nadie barre las veredas de Poblacion Los Heroes hace 10 dias, esta lleno de hojas y tierra, se ve muy descuidado el sector. Espero puedan solucionarlo pronto, gracias.",Aseo y Ornato
"en la esquina de Santa Rosa instalaron un carrito de comida sin ningun permiso, ademas deja toda la vereda sucia. Porfavor tomen cartas en el asunto.",Permisos y Patentes Comerciales
"hay un grupo que se junta a consumir drogas todas las noches en la esquina de calle El Bosque, los vecinos ya no sabemos que hacer. Muchas gracias por su tiempo.",Seguridad Ciudadana
"asaltaron a un vecino a mano armada en la esquina de El Bosque hace casi 2 semanas, necesitamos mas presencia policial urgente. Ya no sabemos a quien mas recurrir",Seguridad Ciudadana
"el restaurant del centro boto sus desechos a la calle de nuevo, ademas dudo que tenga los permisos sanitarios al dia. Porfavor tomen cartas en el asunto!!",Permisos y Patentes Comerciales
"hace falta un lomo de toro urgente en calle San Martin cerca del jardin infantil, los autos pasan como si fuera autopista y ya casi atropellan a un vecino. Ya no sabemos a quien mas recurrir.",Vialidad y Pavimentación
"buenas tardes, hay un poste de luz que quedo torcido en medio de la vereda de Manuel Rodriguez despues q un auto lo choco, es un peligro para los peatones.",Vialidad y Pavimentación
los postes de luz del sector norte se apagan como a las 11 de la noche y quedamos completamente a oscuras hasta el otro dia. Quedo atento a una respuesta,Alumbrado Público
"quiero reclamar por el aseo de calle Arturo Prat, esta lleno de colillas, papeles y basura, y el barrendero no pasa hace tiempo. Saludos.",Aseo y Ornato
quiero reclamar xq los contenedores de basura de mi calle estan siempre rebalsados y los perros vagos rompen las bolsas y dejan la tierra tirada.,Aseo y Ornato
"Estimados, el pasto de la plaza de Poblacion 18 de Septiembre no lo cortan hace 10 dias, ya esta enorme y se esconden ahi los perros vagos. Espero una pronta solucion.",Áreas Verdes
"la vereda del barrio alto esta toda levantada por las raices de un arbol y varias personas se han caido ahi. Espero puedan solucionarlo pronto, gracias!!",Vialidad y Pavimentación
"sr. alcalde, pedimos mas rondas de carabineros para Poblacion Nueva Amanecer porque hace 3 dias hubo dos asaltos en la misma cuadra. Saludos",Seguridad Ciudadana
"Hola, el sistema de riego de la plaza de calle Los Castanos lleva casi 2 semanas malo y las plantas se estan secando todas. Gracias de antemano",Áreas Verdes
hace bastante tiempo que reclamamos por el negocio de comida de Poblacion 18 de Septiembre que funciona sin resolucion sanitaria y bota olores fuertes. Ya no sabemos a quien mas recurrir.,Permisos y Patentes Comerciales
"hace varias semanas que un vecino instalo una feria improvisada todos los fines de semana en Poblacion Nueva Amanecer sin autorizacion municipal. Espero puedan solucionarlo pronto, gracias.",Permisos y Patentes Comerciales
los vecinos de la villa de al lado llevamos mas de 20 dias pidiendo que manden a limpiar el canal que esta lleno de basura y da mal olor.,Aseo y Ornato
quiero saber pq el local de calle Manuel Rodriguez sigue abierto si los vecinos ya denunciamos que no tiene patente comercial vigente. Gracias de antemano,Permisos y Patentes Comerciales
"reclamo xq el furgon de seguridad municipal ya no pasa por el sector norte como antes, y justo ahora es cuando mas robos hay. Gracias de antemano.",Seguridad Ciudadana
"en la plaza de Villa El Trebol hay ratones porque la gente deja bolsas de basura en la reja del parque, esto es un peligro para los ninos. Ya no sabemos a quien mas recurrir.",Aseo y Ornato
"sr. alcalde, en la plaza de Poblacion San Rafael se juntan a beber y a pelear todas las noches, los vecinos tenemos miedo de salir.",Seguridad Ciudadana
"llevamos 10 dias esperando que repongan el pavimento de calle Los Alerces, quedo puro hoyo despues de las obras del alcantarillado. Ojala le puedan poner atencion a esto.",Vialidad y Pavimentación
"Hola municipio, el poste de calle Ignacio Carrera Pinto quedo colgando despues de un choque hace varios meses y nadie lo ha venido a reparar, es peligroso. Espero una pronta solucion.",Alumbrado Público
"en Villa Sol Naciente las calles de tierra se llenan de barro cuando llueve, ya no se puede ni caminar, necesitamos pavimentacion urgente. Porfavor tomen cartas en el asunto!!",Vialidad y Pavimentación
"los juegos infantiles de la plaza Villa Portales estan todos oxidados y rotos, mi hija se corto con un fierro el otro dia.",Áreas Verdes
"los juegos infantiles de la plaza Poblacion Nueva Amanecer estan todos oxidados y rotos, mi hija se corto con un fierro el otro dia. Espero puedan solucionarlo pronto, gracias.",Áreas Verdes
hace 20 dias que un vecino instalo una feria improvisada todos los fines de semana en Poblacion El Progreso sin autorizacion municipal. Quedo atento a una respuesta!!,Permisos y Patentes Comerciales
los vecinos del centro estamos organizando rondas propias porque los robos no paran y la municipalidad no ha respondido. Espero una pronta solucion,Seguridad Ciudadana
"Sr. alcalde, el pasto y la maleza de la vereda en calle El Roble ya casi tapan la calzada, ademas hay bastante basura acumulada. Saludos!!",Aseo y Ornato
"las papeleras de calle Los Almendros estan todas rotas y no las han cambiado, por eso la gente tira la basura directo al suelo. Porfavor tomen cartas en el asunto",Aseo y Ornato
el bar que esta cerca de mi casa en Poblacion San Rafael hace un ruido tremendo todos los fines de semana hasta el amanecer. Ya no sabemos a quien mas recurrir.,Permisos y Patentes Comerciales
el paso peatonal frente al colegio de la esquina esta borrado hace tiempo y los autos no respetan a los ninos que cruzan. Quedo atento a una respuesta.,Vialidad y Pavimentación
"hola, el sistema de riego de la plaza de calle Arturo Prat lleva un par de semanas malo y las plantas se estan secando todas!!",Áreas Verdes
necesitamos urgente una camara de seguridad en la esquina de Vicuna Mackenna porque ahi asaltaron a dos personas esta semana. Ya no sabemos a quien mas recurrir!!,Seguridad Ciudadana
cerca del jardin infantil el agua de lluvia se acumula en la calle y forma una laguna enorme porque no hay rejillas de desague. Ya no sabemos a quien mas recurrir,Vialidad y Pavimentación
"los basureros publicos de la plaza de Villa El Mirador estan quebrados y llenos de basura desbordada, alguien tiene q ir a limpiar urgente.",Aseo y Ornato
hace 10 dias que reclamamos por el negocio de comida de Villa El Trebol que funciona sin resolucion sanitaria y bota olores fuertes. Gracias de antemano,Permisos y Patentes Comerciales
"buenos dias, el local que abrieron en calle Las Rosas pone musica hasta muy tarde y creo q no tiene patente para funcionar asi. Ya no sabemos a quien mas recurrir.",Permisos y Patentes Comerciales
"hace tiempo que pedimos mas alumbrado en el pasaje de Villa El Retiro, esta todo oscuro y varias vecinas tienen miedo de volver de noche. Espero puedan solucionarlo pronto, gracias.",Alumbrado Público
"falta senaletica de pare en la esquina de calle Los Alerces, ya hubo dos choques este mes por eso mismo. Quedo atento a una respuesta.",Vialidad y Pavimentación
"en Poblacion 18 de Septiembre hay varios postes sin luz y de noche los delincuentes aprovechan la oscuridad para hacer de las suyas. Espero puedan solucionarlo pronto, gracias.",Alumbrado Público
"nadie barre las veredas de Poblacion Cordillera hace varios meses, esta lleno de hojas y tierra, se ve muy descuidado el sector. Muchas gracias por su tiempo!!",Aseo y Ornato
"estimados, el bebedero de la plaza de calle Las Dalias no funciona hace tiempo y con el calor los ninos necesitan tomar agua. Espero puedan solucionarlo pronto, gracias.",Áreas Verdes
"nadie barre las veredas de Villa Esperanza hace una semana, esta lleno de hojas y tierra, se ve muy descuidado el sector. Espero una pronta solucion.",Aseo y Ornato
"llevamos mas de un mes esperando que repongan el pavimento de calle Independencia, quedo puro hoyo despues de las obras del alcantarillado. Ya no sabemos a quien mas recurrir.",Vialidad y Pavimentación
"los tachos de basura de la plaza de Poblacion Los Heroes estan quebrados y el pasto lleno de vidrios, es peligroso para los ninos que andan descalzos. Saludos.",Áreas Verdes
"el sitio eriazo de calle Las Dalias se ha convertido en un foco de delincuencia, de noche se juntan a robar y a consumir. Ojala le puedan poner atencion a esto.",Seguridad Ciudadana
"quiero denunciar un taller mecanico en calle Circunvalacion que funciona en la via publica sin patente comercial, dejan aceite tirado en la calle. Ojala le puedan poner atencion a esto.",Permisos y Patentes Comerciales
"falta senaletica de pare en la esquina de calle Las Torres, ya hubo dos choques este mes por eso mismo. Quedo atento a una respuesta!!",Vialidad y Pavimentación
hace un par de semanas que el poste de la esquina de Los Aromos esta apagado y justo ahi es donde han asaltado a dos vecinos ultimamente. Saludos.,Alumbrado Público
"Sr. alcalde, pedimos hace mas de un mes que planten mas arboles en calle Diego Portales porque en verano hace un calor insoportable sin sombra.",Áreas Verdes
"estimados, el paso peatonal frente al colegio del sector norte esta borrado hace tiempo y los autos no respetan a los ninos que cruzan. Saludos.",Vialidad y Pavimentación
"hay un galpon en Poblacion San Rafael que funciona como bodega sin permiso de funcionamiento, ademas genera mucho ruido de camiones en la noche. Muchas gracias por su tiempo.",Permisos y Patentes Comerciales
en Villa Los Alerces hay varios postes sin luz y de noche los delincuentes aprovechan la oscuridad para hacer de las suyas. Espero una pronta solucion.,Alumbrado Público
"en la Poblacion Santa Elena la plaza esta abandonada, el pasto crecido, los arbustos sin podar y da la sensacion de que a nadie le importa. Porfavor tomen cartas en el asunto",Áreas Verdes
"el juego de resbalin de la plaza del pasaje de atras esta oxidado y con el fierro filoso, ya casi corta a un nino. Muchas gracias por su tiempo.",Áreas Verdes
"buenos dias, hace un mes que no funciona ningun poste de luz en calle Los Copihues frente a la iglesia, de noche queda todo oscuro y da miedo caminar. Ya no sabemos a quien mas recurrir.",Alumbrado Público
"hace un mes que no retiran los escombros que dejaron en la vereda de calle El Bosque, al lado de la sede vecinal, y estan estorbando el paso de la gente.",Aseo y Ornato
los camiones recolectores estan pasando en la madrugada y hacen un escandalo terrible ademas dejan tarros de basura botados en la calle Padre Hurtado. Ojala le puedan poner atencion a esto.,Aseo y Ornato
"hay pandillas de jovenes que se juntan a hacer destrozos en la plaza de la cuadra de la plaza, rompen bancas y asustan a los vecinos. Porfavor tomen cartas en el asunto!!",Seguridad Ciudadana
"quiero reclamar xq no hay camaras de seguridad en la esquina y ahi es donde mas robos se producen segun los vecinos. Espero puedan solucionarlo pronto, gracias.",Seguridad Ciudadana
"hay pandillas de jovenes que se juntan a hacer destrozos en la plaza del sector poniente, rompen bancas y asustan a los vecinos. Saludos!!",Seguridad Ciudadana
hace casi 2 semanas que un vecino instalo una feria improvisada todos los fines de semana en Poblacion Vista Hermosa sin autorizacion municipal. Muchas gracias por su tiempo.,Permisos y Patentes Comerciales
"quiero denunciar que en calle Padre Hurtado hay una casa que parece un punto de venta de drogas, entra y sale gente a toda hora. Ya no sabemos a quien mas recurrir.",Seguridad Ciudadana
"buen dia, hace 10 dias que no funciona ningun poste de luz en calle Balmaceda frente a la iglesia, de noche queda todo oscuro y da miedo caminar. Muchas gracias por su tiempo",Alumbrado Público
necesitamos que poden los arboles de calle Los Aromos porque las ramas ya estan tocando los cables de luz. Quedo atento a una respuesta.,Áreas Verdes
"sr. alcalde, el bar que esta cerca de mi casa en Poblacion 18 de Septiembre hace un ruido tremendo todos los fines de semana hasta el amanecer. Saludos.",Permisos y Patentes Comerciales
"la plaza del sector poniente quedo destruida despues de una fiesta del fin de semana, rompieron bancas y plantas, hay q reponer todo.",Áreas Verdes
"el pavimento de calle Las Torres esta totalmente destrozado, cada vez q llueve se llena de agua y no se puede pasar. Espero una pronta solucion.",Vialidad y Pavimentación
los vecinos del pasaje de atras llevamos casi 2 semanas pidiendo que manden a limpiar el canal que esta lleno de basura y da mal olor.,Aseo y Ornato
"buenas tardes, hay un poste de luz que quedo torcido en medio de la vereda de Errazuriz despues q un auto lo choco, es un peligro para los peatones. Saludos",Vialidad y Pavimentación
"quiero reclamar xq las luces de la plaza de Villa El Trebol nunca las prenden aunque este oscuro, parece que el sensor esta malo. Porfavor tomen cartas en el asunto",Alumbrado Público
"hay pandillas de jovenes que se juntan a hacer destrozos en la plaza del sector sur, rompen bancas y asustan a los vecinos. Quedo atento a una respuesta!!",Seguridad Ciudadana
"estimados, pedimos mas rondas de carabineros para Villa Esperanza porque hace un par de semanas hubo dos asaltos en la misma cuadra. Ojala le puedan poner atencion a esto.",Seguridad Ciudadana
"la vereda de calle Colon esta rota hace varios meses, las senoras con coche de guagua tienen q bajarse a la calle para pasar. Muchas gracias por su tiempo",Vialidad y Pavimentación
"hay un galpon en Villa Esperanza que funciona como bodega sin permiso de funcionamiento, ademas genera mucho ruido de camiones en la noche. Espero una pronta solucion.",Permisos y Patentes Comerciales
"en la esquina de Errazuriz instalaron un carrito de comida sin ningun permiso, ademas deja toda la vereda sucia. Quedo atento a una respuesta.",Permisos y Patentes Comerciales
"el pavimento de calle Las Camelias esta totalmente destrozado, cada vez q llueve se llena de agua y no se puede pasar.",Vialidad y Pavimentación
"Sr. alcalde, el kiosco del sector norte crecio y ahora ocupa media vereda con mesas, sin permiso municipal para eso segun tengo entendido. Muchas gracias por su tiempo.",Permisos y Patentes Comerciales
"sr. alcalde, el sistema de riego de la plaza de calle Las Camelias lleva casi 2 semanas malo y las plantas se estan secando todas.",Áreas Verdes
"el alumbrado publico de la cancha de Poblacion Cordillera no sirve, los ninos que juegan de noche no ven nada y se pueden accidentar. Ojala le puedan poner atencion a esto.",Alumbrado Público
"en la esquina de Balmaceda instalaron un carrito de comida sin ningun permiso, ademas deja toda la vereda sucia. Ojala le puedan poner atencion a esto.",Permisos y Patentes Comerciales
"en Poblacion 18 de Septiembre las calles de tierra se llenan de barro cuando llueve, ya no se puede ni caminar, necesitamos pavimentacion urgente. Quedo atento a una respuesta!!",Vialidad y Pavimentación
las rejillas de aguas lluvias de calle Santa Rosa estan tapadas y cuando llueve se inunda toda la cuadra. Ojala le puedan poner atencion a esto,Vialidad y Pavimentación
"los juegos infantiles de la plaza Poblacion El Progreso estan todos oxidados y rotos, mi hija se corto con un fierro el otro dia. Porfavor tomen cartas en el asunto",Áreas Verdes
"hace varias semanas que no retiran los escombros que dejaron en la vereda de calle Las Encinas, frente al almacen de la esquina, y estan estorbando el paso de la gente. Ya no sabemos a quien mas recurrir",Aseo y Ornato
"hace bastante tiempo que un grupo de encapuchados anda rondando por calle Los Alamos, varios vecinos ya llamaron a carabineros pero no llegan a tiempo. Muchas gracias por su tiempo.",Seguridad Ciudadana
"se cayo una rama enorme de un arbol en la plaza del barrio alto y quedo bloqueando la entrada, es peligroso para los ninos que juegan ahi. Saludos",Áreas Verdes
quiero reclamar xq no hay camaras de seguridad frente a la iglesia y ahi es donde mas robos se producen segun los vecinos. Ojala le puedan poner atencion a esto,Seguridad Ciudadana
hace varios meses que pedimos un lomo de toro en calle El Bosque porq los autos pasan a exceso de velocidad y casi atropellan a un nino. Gracias de antemano.,Vialidad y Pavimentación
"al lado de la sede vecinal hay un perro muerto en la calle hace como un mes y nadie lo ha retirado, da mucho asco y hay moscas por todos lados. Saludos!!",Aseo y Ornato
quiero reclamar xq dejaron la calle Freire abierta despues de un arreglo de agua potable hace 20 dias y no la han vuelto a pavimentar. Gracias de antemano.,Vialidad y Pavimentación
"Estimados, quiero saber si el negocio nuevo de la esquina cuenta con patente de alcoholes, porque vende cerveza a toda hora incluso de madrugada. Espero una pronta solucion.",Permisos y Patentes Comerciales
"se cayo una rama enorme de un arbol en la plaza del sector sur y quedo bloqueando la entrada, es peligroso para los ninos que juegan ahi. Quedo atento a una respuesta.",Áreas Verdes
"hace tiempo que pedimos mas alumbrado en el pasaje de Villa El Retiro, esta todo oscuro y varias vecinas tienen miedo de volver de noche. Espero una pronta solucion.",Alumbrado Público
"quiero denunciar un taller mecanico en calle Los Copihues que funciona en la via publica sin patente comercial, dejan aceite tirado en la calle. Ojala le puedan poner atencion a esto",Permisos y Patentes Comerciales
"Buenas tardes, quiero denunciar que frente a la iglesia la gente bota escombros de construccion ilegalmente y ya se hizo un basural enorme. Ya no sabemos a quien mas recurrir",Aseo y Ornato
"hay actos de vandalismo constantes en Villa Los Pinos, rayan las casas y rompen los vidrios de los autos estacionados. Porfavor tomen cartas en el asunto.",Seguridad Ciudadana
"hay un arbol en la plaza de la esquina que esta a punto de caerse, las raices ya levantaron toda la vereda de alrededor. Gracias de antemano.",Áreas Verdes
"Sr. alcalde, hay un colchon y varios muebles viejos botados hace varios meses cerca de la plaza, porfavor manden a retirarlos. Gracias de antemano!!",Aseo y Ornato
"el pasto de la plaza de Poblacion Nueva Amanecer no lo cortan hace 20 dias, ya esta enorme y se esconden ahi los perros vagos. Ya no sabemos a quien mas recurrir.",Áreas Verdes
el local que abrieron en calle Los Aromos pone musica hasta muy tarde y creo q no tiene patente para funcionar asi. Ya no sabemos a quien mas recurrir.,Permisos y Patentes Comerciales
"Buenas tardes, anoche entraron a robar a una casa de Poblacion 18 de Septiembre, ya es la tercera esta semana y nadie hace rondas por aca. Gracias de antemano.",Seguridad Ciudadana
"hola municipio, llevamos bastante tiempo sin luz en todo el pasaje de calle Los Jazmines, ya reclamamos por telefono y no ha pasado nada. Espero una pronta solucion.",Alumbrado Público
"Buenos dias, el poste de calle Diego Portales quedo colgando despues de un choque hace 3 dias y nadie lo ha venido a reparar, es peligroso. Espero una pronta solucion",Alumbrado Público
"Estimados, el pavimento de la Villa Portales tiene grietas enormes por todos lados, cuando llueve se hacen unas pozas gigantes. Ya no sabemos a quien mas recurrir",Vialidad y Pavimentación
quiero reclamar xq la luminaria de la plaza del barrio alto parpadea toda la noche y no deja dormir a los vecinos de al lado. Ya no sabemos a quien mas recurrir.,Alumbrado Público
quiero saber pq el local de calle Los Castanos sigue abierto si los vecinos ya denunciamos que no tiene patente comercial vigente.,Permisos y Patentes Comerciales
"los basureros publicos de la plaza de Villa El Retiro estan quebrados y llenos de basura desbordada, alguien tiene q ir a limpiar urgente. Quedo atento a una respuesta",Aseo y Ornato
la vereda del sector norte esta toda levantada por las raices de un arbol y varias personas se han caido ahi. Ya no sabemos a quien mas recurrir.,Vialidad y Pavimentación
"llevamos varios meses esperando que repongan el pavimento de calle Los Castanos, quedo puro hoyo despues de las obras del alcantarillado. Ya no sabemos a quien mas recurrir.",Vialidad y Pavimentación
"hay un olor a podrido terrible al lado de la sede vecinal, creo que es por la basura que se acumula en el sitio baldio de al lado. Espero puedan solucionarlo pronto, gracias",Aseo y Ornato
"hace 20 dias que un grupo de encapuchados anda rondando por calle Santa Rosa, varios vecinos ya llamaron a carabineros pero no llegan a tiempo. Espero una pronta solucion",Seguridad Ciudadana
"buenos dias, hay un negocio al lado de la sede vecinal que hace fiestas clandestinas los fines de semana, con musica fuerte y venta de alcohol sin permiso. Porfavor tomen cartas en el asunto.",Permisos y Patentes Comerciales
"buen dia, el local que abrieron en calle El Bosque pone musica hasta muy tarde y creo q no tiene patente para funcionar asi. Muchas gracias por su tiempo!!",Permisos y Patentes Comerciales
"la vereda de calle Circunvalacion esta rota hace 20 dias, las senoras con coche de guagua tienen q bajarse a la calle para pasar. Espero una pronta solucion",Vialidad y Pavimentación
"asaltaron a un vecino a mano armada en la esquina de Balmaceda hace una semana, necesitamos mas presencia policial urgente. Porfavor tomen cartas en el asunto.",Seguridad Ciudadana
"hace 20 dias que no retiran los escombros que dejaron en la vereda de calle Manuel Rodriguez, cerca del jardin infantil, y estan estorbando el paso de la gente. Porfavor tomen cartas en el asunto.",Aseo y Ornato
"estimados, el paso peatonal frente al colegio del sector poniente esta borrado hace tiempo y los autos no respetan a los ninos que cruzan. Gracias de antemano.",Vialidad y Pavimentación
hicieron una rayado (graffiti) horrible en el muro de la sede social de Poblacion Los Heroes y ya lleva 3 dias sin que lo limpien. Muchas gracias por su tiempo.,Aseo y Ornato
"en la Villa Las Nieves varios postes no tienen ampolleta hace un mes, de noche es imposible ver por donde uno camina. Gracias de antemano",Alumbrado Público
"estimados, el bebedero de la plaza de calle Padre Hurtado no funciona hace tiempo y con el calor los ninos necesitan tomar agua. Porfavor tomen cartas en el asunto!!",Áreas Verdes
"cerca del jardin infantil han aumentado mucho los robos ultimamente, hace un mes le robaron a un vecino en la puerta de su casa. Porfavor tomen cartas en el asunto.",Seguridad Ciudadana
"hay un cable colgando de un poste cerca de la plaza que parece que es de la luz de la calle, da miedo que le pase algo a alguien. Espero una pronta solucion.",Alumbrado Público
"en la plaza de Poblacion 18 de Septiembre hay ratones porque la gente deja bolsas de basura en la reja del parque, esto es un peligro para los ninos. Saludos.",Aseo y Ornato
"hola municipio, cerca del paradero han aumentado mucho los robos ultimamente, hace un mes le robaron a un vecino en la puerta de su casa. Saludos.",Seguridad Ciudadana
"hay un galpon en Villa Sol Naciente que funciona como bodega sin permiso de funcionamiento, ademas genera mucho ruido de camiones en la noche. Saludos.",Permisos y Patentes Comerciales
"el juego de resbalin de la plaza del sector sur esta oxidado y con el fierro filoso, ya casi corta a un nino. Quedo atento a una respuesta.",Áreas Verdes
"hola municipio, hay actos de vandalismo constantes en Poblacion San Rafael, rayan las casas y rompen los vidrios de los autos estacionados. Espero una pronta solucion.",Seguridad Ciudadana
"hola municipio, quiero denunciar que en la esquina la gente bota escombros de construccion ilegalmente y ya se hizo un basural enorme. Porfavor tomen cartas en el asunto!!",Aseo y Ornato
"el kiosco del barrio alto crecio y ahora ocupa media vereda con mesas, sin permiso municipal para eso segun tengo entendido. Muchas gracias por su tiempo!!",Permisos y Patentes Comerciales
"falta señaletica de pare en la esquina de calle Las Rosas, ya hubo dos choques este mes por eso mismo. Espero una pronta solucion.",Vialidad y Pavimentación
"Estimados, hace bastante tiempo que no riegan las areas verdes de calle Ignacio Carrera Pinto, todo el pasto se esta secando y los arboles nuevos se van a morir. Gracias de antemano",Áreas Verdes
"en la plaza de Villa El Mirador los columpios estan quebrados hace tiempo y los ninos igual los usan, alguien se puede lesionar. Ya no sabemos a quien mas recurrir.",Áreas Verdes
"el local nocturno de calle Ignacio Carrera Pinto sigue funcionando pasada la hora permitida y los vecinos no podemos dormir por el bullicio. Espero puedan solucionarlo pronto, gracias",Permisos y Patentes Comerciales
quiero saber pq el local de calle Circunvalacion sigue abierto si los vecinos ya denunciamos que no tiene patente comercial vigente. Ojala le puedan poner atencion a esto,Permisos y Patentes Comerciales
"Hola municipio, hay un negocio en la esquina que hace fiestas clandestinas los fines de semana, con musica fuerte y venta de alcohol sin permiso. Ojala le puedan poner atencion a esto.",Permisos y Patentes Comerciales
"sr. alcalde, quiero saber si el negocio nuevo del sector norte cuenta con patente de alcoholes, porque vende cerveza a toda hora incluso de madrugada.",Permisos y Patentes Comerciales
"hay comercio ambulante instalado hace varias semanas atras del colegio sin ningun permiso, ocupan toda la vereda y no dejan pasar a la gente. Gracias de antemano.",Permisos y Patentes Comerciales
"el foco de la esquina de mi casa en Los Aromos esta quemado hace 10 dias, ya avise antes y nadie ha venido a cambiarlo. Espero una pronta solucion.",Alumbrado Público
"buen dia, hay un poste de luz que quedo torcido en medio de la vereda de Balmaceda despues q un auto lo choco, es un peligro para los peatones. Ya no sabemos a quien mas recurrir",Vialidad y Pavimentación
hace mas de 20 dias que reclamamos por el negocio de comida de Villa Los Pinos que funciona sin resolucion sanitaria y bota olores fuertes. Ojala le puedan poner atencion a esto.,Permisos y Patentes Comerciales
"las papeleras de calle Los Alamos estan todas rotas y no las han cambiado, por eso la gente tira la basura directo al suelo. Porfavor tomen cartas en el asunto.",Aseo y Ornato
"el sitio eriazo de calle El Bosque se ha convertido en un foco de delincuencia, de noche se juntan a robar y a consumir. Muchas gracias por su tiempo.",Seguridad Ciudadana
"Sr. alcalde, en la Villa Los Alerces hay un microbasural enorme que se esta formando en el sitio eriazo, la gente sigue tirando basura y nadie hace nada. Saludos.",Aseo y Ornato
"Buenos dias, el restaurant de la cuadra de la plaza boto sus desechos a la calle de nuevo, ademas dudo que tenga los permisos sanitarios al dia. Porfavor tomen cartas en el asunto.",Permisos y Patentes Comerciales
"sr. alcalde, reclamo pq las luminarias nuevas que pusieron en calle Las Encinas quedaron mal instaladas y se apagan solas cada rato. Espero una pronta solucion.",Alumbrado Público
los postes de luz de la villa de al lado se apagan como a las 11 de la noche y quedamos completamente a oscuras hasta el otro dia. Gracias de antemano,Alumbrado Público
"hola, llevamos mas de un mes pidiendo mas seguridad para Villa Las Nieves, los delincuentes ya perdieron el miedo y roban de dia. Quedo atento a una respuesta",Seguridad Ciudadana
"en la Poblacion Nueva Amanecer la plaza esta abandonada, el pasto crecido, los arbustos sin podar y da la sensacion de que a nadie le importa. Porfavor tomen cartas en el asunto",Áreas Verdes
"el juego de resbalin de la plaza de la esquina esta oxidado y con el fierro filoso, ya casi corta a un nino!!",Áreas Verdes
"se cayo una rama enorme de un arbol en la plaza del centro y quedo bloqueando la entrada, es peligroso para los ninos que juegan ahi. Gracias de antemano.",Áreas Verdes
"hace falta un lomo de toro urgente en calle Los Naranjos cerca del jardin infantil, los autos pasan como si fuera autopista y ya casi atropellan a un vecino. Porfavor tomen cartas en el asunto.",Vialidad y Pavimentación
"hola municipio, llevamos 20 dias sin luz en todo el pasaje de calle Los Jazmines, ya reclamamos por telefono y no ha pasado nada. Muchas gracias por su tiempo!!",Alumbrado Público
"buenas tardes, el pasto de la plaza de Poblacion San Rafael no lo cortan hace un mes, ya esta enorme y se esconden ahi los perros vagos.",Áreas Verdes
necesitamos urgente una camara de seguridad en la esquina de Los Naranjos porque ahi asaltaron a dos personas esta semana. Espero una pronta solucion!!,Seguridad Ciudadana
"nadie barre las veredas de Poblacion Cordillera hace varios meses, esta lleno de hojas y tierra, se ve muy descuidado el sector. Ojala le puedan poner atencion a esto.",Aseo y Ornato
"el foco de la esquina de mi casa en Las Acacias esta quemado hace 3 dias, ya avise antes y nadie ha venido a cambiarlo. Ojala le puedan poner atencion a esto.",Alumbrado Público
"sr. alcalde, hay un hoyo enorme en calle Las Acacias cerca de la plaza que ya provoco que un auto se pinchara, es peligroso porfavor arreglenlo. Espero puedan solucionarlo pronto, gracias.",Vialidad y Pavimentación
"Estimados, el bar que esta cerca de mi casa en Villa El Retiro hace un ruido tremendo todos los fines de semana hasta el amanecer. Porfavor tomen cartas en el asunto.",Permisos y Patentes Comerciales
reclamo xq el semaforo peatonal de la cuadra de la plaza no funciona hace mas de un mes y es my peligroso cruzar ahi.,Vialidad y Pavimentación
"en la plaza de Poblacion Santa Elena los columpios estan quebrados hace tiempo y los ninos igual los usan, alguien se puede lesionar. Gracias de antemano.",Áreas Verdes
hicieron una rayado (graffiti) horrible en el muro de la sede social de Poblacion Los Heroes y ya lleva bastante tiempo sin que lo limpien. Porfavor tomen cartas en el asunto.,Aseo y Ornato
necesitamos urgente una camara de seguridad en la esquina de Diego Portales porque ahi asaltaron a dos personas esta semana. Ojala le puedan poner atencion a esto.,Seguridad Ciudadana
"hola municipio, el bebedero de la plaza de calle Las Camelias no funciona hace tiempo y con el calor los ninos necesitan tomar agua!!",Áreas Verdes
"hay un arbol en la plaza del sector norte que esta a punto de caerse, las raices ya levantaron toda la vereda de alrededor.",Áreas Verdes
"reclamo xq instalaron una discoteca improvisada en una casa de calle Los Jazmines, cobran entrada y no creo que tengan patente para eso. Ya no sabemos a quien mas recurrir!!",Permisos y Patentes Comerciales
"buenas tardes, el sistema de riego de la plaza de calle O'Higgins lleva 10 dias malo y las plantas se estan secando todas. Saludos.",Áreas Verdes
"se cayo una rama enorme de un arbol en la plaza de la cuadra de la plaza y quedo bloqueando la entrada, es peligroso para los ninos que juegan ahi. Gracias de antemano.",Áreas Verdes
"falta senaletica de pare en la esquina de calle San Martin, ya hubo dos choques este mes por eso mismo. Gracias de antemano.",Vialidad y Pavimentación
"hace tiempo que pedimos mas alumbrado en el pasaje de Poblacion San Rafael, esta todo oscuro y varias vecinas tienen miedo de volver de noche. Muchas gracias por su tiempo.",Alumbrado Público
"frente al almacen de la esquina hay un perro muerto en la calle hace como una semana y nadie lo ha retirado, da mucho asco y hay moscas por todos lados. Espero puedan solucionarlo pronto, gracias.",Aseo y Ornato
en Poblacion 18 de Septiembre hay varios postes sin luz y de noche los delincuentes aprovechan la oscuridad para hacer de las suyas. Porfavor tomen cartas en el asunto.,Alumbrado Público
"los vecinos del sector oriente estamos organizando rondas propias porque los robos no paran y la municipalidad no ha respondido. Espero puedan solucionarlo pronto, gracias.",Seguridad Ciudadana
"hace un par de semanas que un grupo de encapuchados anda rondando por calle Pedro de Valdivia, varios vecinos ya llamaron a carabineros pero no llegan a tiempo.",Seguridad Ciudadana
"Buen dia, en la plaza de Poblacion Vista Hermosa se juntan a beber y a pelear todas las noches, los vecinos tenemos miedo de salir. Ojala le puedan poner atencion a esto.",Seguridad Ciudadana
el local nocturno de calle Bernardo O'Higgins sigue funcionando pasada la hora permitida y los vecinos no podemos dormir por el bullicio. Saludos,Permisos y Patentes Comerciales
"Buenos dias, en la plaza de Poblacion San Rafael se juntan a beber y a pelear todas las noches, los vecinos tenemos miedo de salir. Espero puedan solucionarlo pronto, gracias.",Seguridad Ciudadana
en Poblacion El Bosque hay varios postes sin luz y de noche los delincuentes aprovechan la oscuridad para hacer de las suyas. Espero una pronta solucion.,Alumbrado Público
"asaltaron a un vecino a mano armada en la esquina de Los Alamos hace 3 dias, necesitamos mas presencia policial urgente. Gracias de antemano.",Seguridad Ciudadana
"Buenas tardes, hay un poste de luz que quedo torcido en medio de la vereda de Errazuriz despues q un auto lo choco, es un peligro para los peatones. Ojala le puedan poner atencion a esto.",Vialidad y Pavimentación
"la vereda de calle Los Almendros esta rota hace 20 dias, las senoras con coche de guagua tienen q bajarse a la calle para pasar. Muchas gracias por su tiempo",Vialidad y Pavimentación
"buenos dias, hay un poste de luz que quedo torcido en medio de la vereda de Ignacio Carrera Pinto despues q un auto lo choco, es un peligro para los peatones. Ojala le puedan poner atencion a esto.",Vialidad y Pavimentación
"se cayo una rama enorme de un arbol en la plaza del sector norte y quedo bloqueando la entrada, es peligroso para los ninos que juegan ahi. Ojala le puedan poner atencion a esto",Áreas Verdes
"el pavimento de calle Bernardo O'Higgins esta totalmente destrozado, cada vez q llueve se llena de agua y no se puede pasar. Espero una pronta solucion",Vialidad y Pavimentación
